:020000040800F2
:10000000F8940020C1010008096D0008DD590008BE
:10001000916900083D0B0008A98C00080000000051
:10002000000000000000000000000000417900080E
:10003000890F000800000000C1740008657C0008FA
:10004000DB010008DB010008DB010008DB01000820
:10005000DB010008DB010008DB010008DB01000810
:10006000DB010008DB010008DB010008DB01000800
:10007000810D0008DB010008910D0008DB0100087C
:10008000A10D0008B10D0008DB010008DB0100082C
:10009000410B0008DB010008DB010008DB01000860
:1000A000DB010008657D0008DB010008DB010008BA
:1000B000757D0008DB010008DB010008DB0100089A
:1000C000DB010008DB010008DB010008DB010008A0
:1000D000DB010008698C0008798C0008898C000815
:1000E000DB010008DB010008DB010008DB01000880
:1000F000DB010008DB010008DB010008DB01000870
:10010000DB010008DB010008DB010008DB0100085F
:10011000DB010008DB010008DB010008DB0100084F
:10012000DB010008C10D0008D10D0008DB0100084B
:10013000DB010008DB010008DB010008DB0100082F
:10014000510B0008610B0008DB010008DB0100080F
:10015000DB010008E10D0008DB010008998C0008B4
:10016000DB010008DB010008DB010008DB010008FF
:10017000DB010008DB010008DB01000800000000D3
:10018000DB010008DB010008DB010008DB010008DF
:10019000DB010008DB010008DB010008DB010008CF
:1001A0000000000000000000DB010008DFF80CD0B8
:1001B00000F0E2FB004800478D9E0008F894002004
:1001C0000648804706480047FEE7FEE7FEE7FEE7F1
:1001D000FEE7FEE7FEE7FEE7FEE7FEE7517D0008EB
:1001E000AD0100082DE9F05F0546002092469B46D0
:1001F00088460646814640241BE02846414647463D
:10020000224600F07FFA53465A46C01A914110D355
:1002100011461846224600F066FA2D1A67EB0108CF
:100220004F4622460120002100F05DFA17EB00093D
:100230004E41201EA4F10104DFDC484631462A4627
:100240004346BDE8F09F40EA01039B0703D009E065
:1002500008C9121F08C0042AFAD203E011F8013BB2
:1002600000F8013B521EF9D27047D2B201E000F80B
:10027000012B491EFBD270470022F6E710B513464A
:100280000A4604461946FFF7F0FF204610BD2DE947
:10029000FE4F804681EA0300C00F0C46009021F01B
:1002A000004123F00045B8EB0200A94105D24046C9
:1002B000214690461C460B46024623F00040104360
:1002C00047D0270DC7F30A00C3F30A510290401A22
:1002D000019040286BDAC3F3130040F4801B0098B0
:1002E000924620B10023D2EB030A63EB0B0B01987B
:1002F0005946C0F14002504600F0F5F906460D4659
:1003000050465946019A00F00DFA10EB0800614181
:10031000002487EA115284EAE7731A4340D0009A16
:1003200062B3019A012A4FEA075215DC001B61EB08
:1003300002014FF0004202EA0752CDE90042001CE0
:1003400041F5801132462B4600F044FA03B0BDE877
:10035000F08F40462146F9E7001B61EB0201001CCB
:1003600041F5801300185B412018A2F5001747EBF8
:10037000030140EAD570B6196D4111E06D084FEAEE
:10038000360645EAC0754FEA0752001B61EB0201D1
:10039000001C41F5801149084FEA30000019514115
:1003A00032462B4603B0BDE8F04F00F004BA009887
:1003B000012240000023D0EB020263EBE0730098BF
:1003C00021464FEAE074B8EB000061EB0401E9E775
:1003D00083F000435BE781F0004158E72DE9FE4FD1
:1003E00081EA030404F0004421F0004100944FF03E
:1003F000000B23F0004350EA01045ED052EA0304EC
:100400005BD0C3F30A54C1F30A552C44A4F2F3346D
:100410000194A0FB0254C1F3130141F48011C3F312
:10042000130343F4801301FB024400FB034E840AD0
:10043000970A44EA815447EA8357A4FB0768029568
:100440008D0A05FB07854FEA932C04FB0C54270506
:10045000029D4FEA065847EA1637B5EB08056EEBE2
:10046000070C870E920E47EA811742EA8312A7FB18
:100470000201B6EB0B0164EB00042B0D43EA0C33D5
:100480005E1844EB1C50DA465146E7FB0201C5F307
:1004900013044FEA0B3343EA14534FEA0432019C2E
:1004A00043EA0603A4F10C040294009CCDE900B4D5
:1004B00000F090F903B0BDE8F08F00200146F9E7A5
:1004C0002DE9F04D81EA030404F0004B21F00045D2
:1004D00014464FF0000A23F0004150EA050220D0F4
:1004E00054EA01021DD0C5F30A570246C5F31303AF
:1004F000C1F31300C1F30A5640F4801543F480138E
:10050000A7EB0608101BD64608F2FD3873EB050072
:1005100002D308F1010801E092185B41B8F1000F25
:1005200003DA00200146BDE8F08D00204FF4801171
:10053000064684460EE0171B73EB050705D3121B16
:1005400063EB050306434CEA010C49084FEA30000F
:1005500092185B4150EA0107EDD152EA030012D034
:1005600082EA040083EA0501084305D0101BAB4171
:1005700006D20122002306E000224FF0004302E0F1
:100580006FF0010253101AEB06004CEB085110EB10
:100590000A0041EB0B01BDE8F04D00F00CB930B59D
:1005A000041E71F1000404DB4FF00044404264EB90
:1005B0000101141E73F1000405DB1C464FF00043DB
:1005C000524263EB0403801A994101D3012030BDEC
:1005D000002030BD30B5041E71F1000404DB4FF083
:1005E0000044404264EB0101141E73F1000405DB7A
:1005F0001C464FF00043524263EB0403101A8B4138
:1006000001D3012030BD002030BD30B5041E71F192
:10061000000404DB4FF00044404264EB0101141E6F
:1006200073F1000405DB1C464FF00043524263EBBC
:100630000403801A994101D2012030BD002030BD51
:1006400030B4044696230800214604D0B62330BCBB
:10065000002200F082B820460021F8E700F00042B6
:1006600030F000400AD0C10D01F56071C0F31600F2
:1006700042EA0151C2084007114370470020014679
:10068000704701F0004330B421F0004150EA01020C
:1006900006D00A0DA2F56072C1F31301002A02DC34
:1006A00030BC00207047440F44EAC104C100E01888
:1006B00030BC00EBC25000F047B830B50B460146E5
:1006C00000202022012409E021FA02F59D4205D3F1
:1006D00003FA02F5491B04FA02F52844151EA2F19B
:1006E0000102F1DC30BD202A04DB203A00FA02F1DD
:1006F000002070479140C2F1200320FA03F3194310
:1007000090407047202A04DB203A21FA02F00021B1
:10071000704721FA02F3D040C2F120029140084311
:1007200019467047202A06DBCB17203A41FA02F01F
:1007300043EAE07306E041FA02F3D040C2F120023E
:1007400091400843194670470029A8BF7047401CD4
:10075000490008BF20F00100704710B4B0FA80FCD7
:1007600000FA0CF050EA010404BF10BC704749B114
:10077000CCF1200421FA04F411FA0CF118BF012184
:1007800021430843A3EB0C01CB1D4FEA00614FEA64
:10079000102042BF002010BC704700EBC350104433
:1007A0000029A4BF10BC7047401C490008BF20F0BE
:1007B000010010BC704710B5141E73F1000408DA74
:1007C000401C41F1000192185B411A4301D120F015
:1007D000010010BD2DE9F04D92469B4611B1B1FAD2
:1007E00081F202E0B0FA80F220329046FFF77BFF00
:1007F00004460F4640EA0A0041EA0B0153465A46B6
:10080000084313D0114653EA010019D0C8F1400241
:100810005046FFF777FF05460E465046594642467A
:10082000FFF761FF084305D0012004E02046394668
:10083000BDE8F08D0020054346EAE0762C433743BF
:100840000A986305E40AA0EB08000022FD0A44EAC6
:1008500047540A3002D500200146E9E70105101986
:100860006941DDE9084500196941BDE8F04DA2E79D
:100870002DE9F04D00231A461B1A8A4103DB0020A4
:100880000146BDE8F08DC1F30A52C1F3130141F4F2
:1008900080154FF0000BD10702D100186D41521E98
:1008A0000027044640F2FF11384601EB620A3E463B
:1008B0008046024600204FF48011FFF723FFC21943
:1008C0007141BB1846EB0100B4EB030C75EB000C57
:1008D00004D3E41A65EB000517460E46241908F107
:1008E00001006D4180463428E3DDF91946EB06002E
:1008F000091BA84103D24FF0FF32134601E000224A
:1009000013461BEB070046EB0A51BDE8F04DFFF71D
:1009100052BFC1F30A52C1F3130140F2FF3341F455
:1009200080119A4202DA00200146704740F23343B8
:100930009A42A2F2334202DC5242FFF7E3BEFFF7D3
:10094000D2BE000030B5041E71F1000404DB4FF08C
:100950000044404264EB0101141E73F1000405DB06
:100960001C464FF00043524263EB0403994208BF18
:10097000904230BD002070471CB5094800900948DE
:1009800001900546009C06E0E06840F0010394E811
:10099000070098471034AC42F6D3FFF70BFC000079
:1009A000580201087802010880B586B004900391CE
:1009B0000292049838B1FFE7029820B1FFE703984C
:1009C000022803D8FFE700200590B3E004980399BC
:1009D0000239029A00F0E4FBADF8060002980078B4
:1009E000013801460091092800F29E800099DFE855
:1009F00001F00514233241505F6E7D8CBDF8060076
:100A0000049A0399114401F8020C9DF80700049A16
:100A10000399114401F8010C89E0BDF80600049A1D
:100A20000399114401F8020C9DF80700049A0399F8
:100A3000114401F8010C7AE09DF80700049A03992B
:100A4000114401F8020CBDF80600049A0399114400
:100A500001F8010C6BE0BDF80600049A03991144FB
:100A600001F8020C9DF80700049A0399114401F85B
:100A7000010C5CE0BDF80600049A0399114401F8EA
:100A8000020C9DF80700049A0399114401F8010C27
:100A90004DE0BDF80600049A0399114401F8020CD8
:100AA0009DF80700049A0399114401F8010C3EE0F7
:100AB000BDF80600049A0399114401F8020C9DF850
:100AC0000700049A0399114401F8010C2FE0BDF8C6
:100AD0000600049A0399114401F8020C9DF80700DE
:100AE000049A0399114401F8010C20E0BDF80600B6
:100AF000049A0399114401F8020C9DF80700049A26
:100B00000399114401F8010C11E0BDF80600049AA4
:100B10000399114401F8020C9DF80700049A039907
:100B2000114401F8010C02E00020059002E00120D0
:100B30000590FFE7059806B080BD0000FFE7FEE7DF
:100B400080B540F22050C2F2000000F015FE80BDDA
:100B500080B540F24850C2F2000000F00DFE80BDAA
:100B600080B540F24850C2F2000000F005FE80BDA2
:100B700084B002908DF80710029820B1FFE79DF82D
:100B8000070018B9FFE700200390F5E09DF8070083
:100B9000029908709DF80700013801460091092864
:100BA00000F2E3800099DFE801F0051C30465C723A
:100BB000899FB6CB029948F20500488002994FF60A
:100BC000FF70888002990020C88002990120087275
:100BD0000299487202994FF66810C0F60000C8608A
:100BE000C6E0029941F221004880029900208880E5
:100BF0000299C880029908720299487202994EF6C9
:100C00006870C0F60000C860B2E0029941F22100AD
:100C1000488002994FF6FF70888002990020C880B2
:100C2000029908720299487202994EF66850C0F60D
:100C30000000C8609CE0029941F2210048800299BE
:100C40004FF6FF7088800299C880029901200872CF
:100C50000299487202994FF66870C0F60000C860A9
:100C600086E0029948F20500488002994FF6FF702D
:100C700088800299C88002990120087202994872FE
:100C800002994FF66850C0F60000C86070E0029903
:100C900048F20500488002990020888002994FF6AA
:100CA000FF70C88002990120087202994872029967
:100CB0004FF26870C0F60000C86059E0029941F236
:100CC0002100488002994FF6FF7088800299C88001
:100CD0000299012008720299487202994FF2683015
:100CE000C0F60000C86043E0029943F665504880B2
:100CF00002990020888002994FF6FF70C8800299FF
:100D0000012008720299487202994FF26810C0F6E9
:100D10000000C8602CE0029941F22100488002994D
:100D2000002088800299C8800299012008720299E7
:100D3000487202994FF26850C0F60000C86017E090
:100D4000029948F2050048800299002088800299A3
:100D5000C880029A012111720299487202994FF6D5
:100D60006830C0F60000C86002E00020039003E095
:100D7000FFE701200390FFE7039804B070470000ED
:100D800080B540F29060C2F2000001F097FA80BD99
:100D900080B540F2F060C2F2000001F08FFA80BD31
:100DA00080B540F2D050C2F2000001F087FA80BD59
:100DB00080B540F23060C2F2000001F07FFA80BDE1
:100DC00080B540F25070C2F2000001F077FA80BDA9
:100DD00080B540F27050C2F2000001F06FFA80BDA1
:100DE00080B540F2B070C2F2000001F067FA80BD39
:100DF00082B001900198007810384AF6AB21CAF60B
:100E0000AA21A0FB01100009009000994EF618508D
:100E1000C0F60000405C0199C8650098042807D31B
:100E2000FFE701990868042262F30900886506E07B
:100E30000199086840F2FF3290438865FFE7019806
:100E4000806D02B07047000086B0059000208DF8DC
:100E500013000598806A03900598806910BBFFE72E
:100E60000398029003281BD80299DFE801F0020DD5
:100E70000218059890F82F00C00720B1FFE7012065
:100E80008DF81300FFE70CE00598C06AB0F1C07F51
:100E900004D1FFE701208DF81300FFE701E000E037
:100EA000FFE745E005988069B0F5005F25D1FFE7D1
:100EB0000398019003281ED80199DFE801F002068B
:100EC000021101208DF8130016E0059890F82F000C
:100ED000C00720B1FFE701208DF81300FFE70BE00A
:100EE0000598C06AB0F1C07F04D1FFE701208DF8FA
:100EF0001300FFE700E0FFE719E0039800900328E4
:100F000004D3FFE70098032804D00EE001208DF8F9
:100F100013000BE0059890F82F00C00720B1FFE701
:100F200001208DF81300FFE700E0FFE7FFE7FFE790
:100F30009DF8130006B0704784B0039002910192AF
:100F4000009303980168086820F4802008600098E6
:100F500003990968486003988068402809D1FFE731
:100F60000198039909688860029803990968C86024
:100F700008E0029803990968886001980399096854
:100F8000C860FFE704B070477047000081B0009070
:100F9000009890ED0B0A90ED0C1A30EE410A01B06A
:100FA0007047000072B6FFE7FEE7000080B58AB028
:100FB000ADF82400ADF822104FF40070029000202C
:100FC00004900590042006909DF825008DF80400FB
:100FD000BDF824008DF805009DF823008DF806006B
:100FE000BDF822008DF8070040F24850C2F2000020
:100FF00002A901AA012300F035F920B1FFE7002082
:101000008DF8270003E001208DF82700FFE79DF809
:1010100027000AB080BD000085B004908DED030A62
:10102000CDED020A8DED011ACDED001A0398049959
:10103000C8630298049988640198049988670098A5
:101040000499086605B0704780B588B0ADF81C00FB
:101050004FF400700190002003900490022005904E
:101060009DF81D008DF80200BDF81C008DF80300EE
:1010700040F22050C2F2000001A90DF1020201234A
:1010800000F0F0F820B1FFE700208DF81F0003E02A
:1010900001208DF81F00FFE79DF81F0008B080BDFC
:1010A00083B08DED020ACDED010A9DED020A9DEDA2
:1010B000011A30EE410A8DED000A9DED000A9FED08
:1010C000141AB4EE410AF1EE10FA09DDFFE79DEDC6
:1010D000000A9FED101A30EE010A8DED000AFFE7BD
:1010E0009DED000A9FED0C1AB4EE410AF1EE10FAE4
:1010F00009DAFFE79DED000A9FED081A30EE010ABC
:101100008DED000AFFE79DED000A03B0704700BFB8
:10111000000034430000B4C3000034C30000B443F3
:1011200083B08DED020ACDED010A9DED020A9DED21
:10113000011A30EE010A8DED000A9DED000A9FEDC7
:10114000141AB4EE410AF1EE10FA09DDFFE79DED45
:10115000000A9FED101A30EE010A8DED000AFFE73C
:101160009DED000A9FED0C1AB4EE410AF1EE10FA63
:1011700009DAFFE79DED000A9FED081A30EE010A3B
:101180008DED000AFFE79DED000A03B0704700BF38
:10119000000034430000B4C3000034C30000B44373
:1011A00085B0039002910192039828B9FFE74FF6AA
:1011B000FF70ADF8120026E001988088ADF80200BB
:1011C000FFE70298411E029188B1FFE7BDF80210C7
:1011D0000198C068039A531C039312784A40D2B214
:1011E00030F8120080EA1120ADF80200E9E701981A
:1011F000C188BDF802004840ADF80200BDF8020009
:10120000ADF81200FFE7BDF8120005B0704700000E
:1012100084B002900191029890F820008DF80300AC
:101220009DF80300012805D0FFE79DF80300022880
:101230000AD1FFE7019A02980168486910434861A2
:1012400000208DF80F0008E00299486A40F48020E1
:10125000486201208DF80F00FFE79DF80F0004B0F1
:101260007047000088B00690059104920393069899
:1012700090F820008DF807000698006880680090BC
:101280000598806808B9FFE700E0FFE79DF80700D0
:10129000012806D0FFE79DF80700022840F0808073
:1012A000FFE79DF80300400700280CD4FFE79DF8F6
:1012B00003000007002806D4FFE79DF80300C006DE
:1012C000002864D5FFE70098C0F3016002900299FE
:1012D00001208840039908600598806868B9FFE795
:1012E00005980168C06840EA415006990968029A69
:1012F00001EB0211C1F880010EE005994A68886887
:10130000C96840EAC200084306990968029A01EBDD
:101310000211C1F88001FFE7059800690699096884
:10132000029A01EB0211C1F884010598007D0128A1
:101330000CD1FFE706980068029900EB0111D1F883
:10134000840140F48070C1F88401FFE7049840688C
:1013500006990968029A01EB0211C1F88C01049800
:10136000006806990968029A01EB0211C1F8880128
:1013700006980068029900EB0111D1F8800140F055
:101380000100C1F8800100208DF81F0011E00699CE
:10139000486A40F40010486201208DF81F0008E000
:1013A0000699486A40F48020486201208DF81F00A9
:1013B000FFE79DF81F0008B07047000086B004905A
:1013C0000391049890F820008DF803009DF8030025
:1013D000012806D0FFE79DF80300022840F0B08006
:1013E000FFE746F20040C4F2000001900199D1F8F5
:1013F000000240F00100C1F800020199D1F800029A
:1014000020F47C50C1F800020398426A0199D1F897
:10141000000240EA0220C1F800020398406900F08F
:101420001F01012088400290029A0199D1F81C0204
:101430009043C1F81C020398C069F0B9FFE7029A13
:101440000199D1F80C029043C1F80C02039A9088DC
:10145000D168526940EA0140019901EBC201C1F82B
:101460004002039A10889168526940EA014001994C
:1014700001EBC201C1F84402FFE70398C0690128EB
:101480001ED1FFE7029A0199D1F80C021043C1F86E
:101490000C02039A90881168526940EA0140019950
:1014A00001EBC201C1F84002039A90899168526928
:1014B00040EA0140019901EBC201C1F84402FFE793
:1014C0000398806940B9FFE7029A0199D1F80402B4
:1014D0009043C1F8040207E0029A0199D1F804028E
:1014E0001043C1F80402FFE70398006940B9FFE721
:1014F000029A0199D1F814029043C1F8140207E04E
:10150000029A0199D1F814021043C1F81402FFE7BE
:101510000398006A012808D1FFE7029A0199D1F8DF
:101520001C021043C1F81C02FFE70199D1F8000228
:1015300020F00100C1F8000200208DF8170008E03B
:101540000499486A40F48020486201208DF8170011
:10155000FFE79DF8170006B07047000081B00090CB
:1015600001B0704786B004900391029201930498F1
:1015700090F820008DF803009DF80300012806D0A4
:10158000FFE79DF80300022840F0E880FFE703989A
:1015900080B9FFE704980068C068800748B9FFE792
:1015A0000499486A40F40010486201208DF8170041
:1015B000DDE00FE0049800680069800748B9FFE7A4
:1015C0000499486A40F40010486201208DF8170021
:1015D000CDE0FFE704980068039900EB0110D0F814
:1015E000B00100F00400029988600298806858B940
:1015F000FFE704980068039900EB0110D0F8B001F0
:10160000400D029908600AE004980068039900EB15
:101610000110D0F8B001C00802994860FFE70498B3
:101620000068039900EB0110D0F8B00100F002004F
:101630000299C86004980068039900EB0110D0F883
:10164000B40100F00F00082804D3FFE70299082036
:1016500008610BE004980068039900EB0110D0F8D2
:10166000B40100F00F0002990861FFE704980068D8
:10167000039900EB0110D0F8B40180B2000A02997E
:10168000886104980068039900EB0110D0F8B40158
:10169000000C0299486104980068039900EB01105E
:1016A000D0F8B8010199087004980068039900EB1C
:1016B0000110D0F8B801000A019948700498006838
:1016C000039900EB0110D0F8B801000C0199887063
:1016D00004980068039900EB0110D0F8B801000EDF
:1016E0000199C87004980068039900EB0110D0F8C4
:1016F000BC010199087104980068039900EB01107E
:10170000D0F8BC01000A0199487104980068039957
:1017100000EB0110D0F8BC01000C0199887104980D
:101720000068039900EB0110D0F8BC01000E01998C
:10173000C871039838B9FFE704980168C86840F099
:101740002000C86006E004980168086940F02000A5
:101750000861FFE700208DF8170008E00499486A47
:1017600040F48020486201208DF81700FFE79DF8C3
:10177000170006B07047000080B58AB009900020BD
:1017800008900998006840690790099800684068C7
:101790000690099800688068059009980068C068FC
:1017A00004900998006800690390099800688069AE
:1017B00002909DF81C00C007002800F09480FFE70D
:1017C0009DF81400C00758B3FFE70998016801208D
:1017D00088609DF814008007002804D5FFE7099869
:1017E00000F0BCFC1BE09DF814004007002805D564
:1017F000FFE7089840F4006008900FE09DF814009F
:101800000007002805D5FFE7089840F480500890AD
:1018100003E0099800F09EFCFFE7FFE7FFE7FFE722
:101820009DF81500C00760B3FFE7099801684FF401
:10183000807088609DF815008007002804D5FFE7B8
:10184000099800F093FC1BE09DF815004007002864
:1018500005D5FFE7089840F4005008900FE09DF888
:1018600015000007002805D5FFE7089840F48040E0
:10187000089003E0099800F075FCFFE7FFE7FFE739
:10188000FFE79DF81600C00760B3FFE709980168FD
:101890004FF4803088609DF816008007002804D53A
:1018A000FFE7099800F06AFC1BE09DF8160040076E
:1018B000002805D5FFE7089840F4004008900FE0A5
:1018C0009DF816000007002805D5FFE7089840F4AA
:1018D0008030089003E0099800F04CFCFFE7FFE738
:1018E000FFE7FFE7FFE79DF81C000007002810D581
:1018F000FFE79DF81000C006002809D5FFE708980B
:1019000040F400700890099801681020C860FFE753
:10191000FFE79DF81C00400700280FD5FFE79DF862
:1019200010000007002808D5FFE709980168082083
:10193000C860099800F0D8FAFFE7FFE79DF81C009F
:10194000800700280BD5FFE709980068C06880076A
:1019500020B1FFE7099800F0CBFAFFE7FFE79DF819
:101960001C004006002810D5FFE79DF80C00C006BB
:10197000002809D5FFE7089840F48060089009988E
:10198000016810200861FFE7FFE79DF81C00800652
:1019900000280FD5FFE79DF80C000007002808D5A8
:1019A000FFE70998016808200861099800F02CFBFE
:1019B000FFE7FFE79DF81C00C00600280BD5FFE7F6
:1019C000099800680069800720B1FFE7099800F0D6
:1019D0001FFBFFE7FFE79DF81E00800700280FD5DB
:1019E000FFE79DF81800C006002808D5FFE7099812
:1019F000016810204860099800F062FBFFE7FFE7EC
:101A00009DF81E00C00778B1FFE79DF81800000799
:101A1000002808D5FFE70998016808204860099860
:101A200000F0B0FBFFE7FFE79DF81D00000600286F
:101A300040F18D80FFE79DF818004007002840F135
:101A40008180FFE79DF81D00C00750B1FFE79DF8BA
:101A50000800C00728B1FFE7089840F0010008908F
:101A6000FFE79DF81D00800700280BD5FFE79DF8D4
:101A700008008007002805D5FFE7089840F002001D
:101A80000890FFE79DF81D00400700280BD5FFE7F1
:101A90009DF808004007002805D5FFE7089840F0AA
:101AA00004000890FFE79DF81D000007002848D5B6
:101AB000FFE79DF8080010F0700F42D0FFE7029892
:101AC00000F0700001460191102814D0FFE7019842
:101AD000202815D0FFE70198302816D0FFE701989D
:101AE000402817D0FFE70198502818D0FFE7019849
:101AF000602819D01DE0089840F00800089019E00F
:101B0000089840F01000089014E0089840F0200079
:101B100008900FE0089840F0400008900AE008980C
:101B200040F08000089005E0089840F4807008902C
:101B300000E0FFE709980168886920F0700088617B
:101B4000FFE7FFE70998016804204860FFE708986D
:101B500048B1FFE7089A0999486A10434862099812
:101B6000FFF7FCFCFFE70AB080BD000080B584B041
:101B70000290029820B9FFE701208DF80F00E0E005
:101B8000029890F8200020B9FFE7029800F0DEF8F4
:101B9000FFE702980168086840F00100086001F062
:101BA0005BF80190FFE7029800684068C007A8B999
:101BB000FFE701F051F80199401A0B280DD3FFE718
:101BC0000299486A40F4003048620299052081F881
:101BD000200001208DF80F00B3E0E4E702980168CF
:101BE000086820F00200086001F036F80190FFE775
:101BF0000298006840688007002815D5FFE701F0CB
:101C00002BF80199401A0B280DD3FFE70299486A77
:101C100040F4003048620299052081F8200001203C
:101C20008DF80F008DE0E3E70298007E012807D1D0
:101C3000FFE702980168086840F08000086006E04D
:101C400002980168086820F080000860FFE70298A9
:101C5000407E012807D1FFE702980168086840F03C
:101C60004000086006E002980168086820F0400023
:101C70000860FFE70298807E012807D1FFE70298FD
:101C80000168086840F02000086006E002980168DA
:101C9000086820F020000860FFE70298C07E012855
:101CA00007D1FFE702980168086820F0100008607B
:101CB00006E002980168086840F010000860FFE73D
:101CC0000298007F012807D1FFE7029801680868A1
:101CD00040F00800086006E002980168086820F0FB
:101CE00008000860FFE70298407F012807D1FFE75E
:101CF00002980168086840F00400086006E0029855
:101D00000168086820F004000860FFE7029B19687A
:101D10005A689868D3F80CC040EA0C00D3F810C099
:101D200040EA0C005B691843013A1043C86102990C
:101D300000204862029A012182F820108DF80F00DD
:101D4000FFE79DF80F0004B080BD000080B592B0A1
:101D50001190002010900F900E900D900C90119803
:101D6000006846F20041C4F20001884249D1FFE711
:101D700040F27410C2F20000016801310160006895
:101D8000012812D1FFE7FFE700200B9043F6400047
:101D9000C4F20200016841F000710160006800F0C7
:101DA00000700B900B98FFE7FFE7FFE700200A9019
:101DB00043F63000C4F20200016841F008010160FE
:101DC000006800F008000A900A98FFE703200C90D2
:101DD00002210D91002105910E910F900920109084
:101DE00040F60040C4F202000CA900F011FD059A73
:101DF00014200690052101F00BF8069800F0FEFF74
:101E00006FE01198006846F60001C4F200018842B4
:101E100066D1FFE7FFE70020099043F64000C4F2D7
:101E20000200016841F080610160006800F080609C
:101E300009900998FFE740F27410C2F200000168AF
:101E4000013101600068012812D1FFE7FFE700209F
:101E5000089043F64000C4F20200016841F00071AE
:101E60000160006800F0007008900898FFE7FFE745
:101E7000FFE70020079043F63000C4F2020001683B
:101E800041F002010160006800F00200079007982D
:101E9000FFE74FF440500C9002200D90002003907B
:101EA0000E9003200F900920109040F20040C4F2E1
:101EB00002000CA900F0ACFC039A4020019005211F
:101EC000029100F0A5FF019800F098FF0299039A93
:101ED0004120049000F09CFF049800F08FFFFFE782
:101EE000FFE712B080BD000081B0009001B07047E4
:101EF00080B58CB00B900B98006846F20041C4F29C
:101F00000001884240F07E80FFE741F20000C4F209
:101F100002004FF4006100F073FE0B98002104AA48
:101F200002ABFFF71FFB40F2E441C2F200010120C7
:101F300008700498A0F201200146019108285FD89A
:101F40000199DFE801F00F5D325D5D5D5D1905000F
:101F500040F2B040C2F20000AA21017602A904F0CA
:101F600019FD4EE040F22C40C2F20000CC21017677
:101F700002A904F00FFD44E09DF8080041F2700151
:101F8000C2F2000108709DF8090048709DF80A002F
:101F90009DF80B2040EA022048809DF80C009DF837
:101FA0000D2040EA022088802BE040F2E641C2F298
:101FB0000001012008709DF808109DF8090040EA12
:101FC000012040F2E841C2F2000108809DF80A2099
:101FD0009DF80B0040EA022048809DF80C209DF8F7
:101FE0000D0040EA022088809DF80E109DF80F0039
:101FF00040EA012040F27811C2F20001088000E0BE
:10200000FFE7FFE70CB080BD81B0009001B07047E2
:1020100080B58CB00B900B98006846F60001C4F2B6
:10202000000188424AD1FFE741F20040C4F20200B9
:102030004FF4804100F0E4FD0B980121009104AAC7
:1020400002ABFFF78FFA009840F2E541C2F20001BF
:1020500008700498019040F20121884216D0FFE7F1
:10206000019840F2022188421AD0FFE7019840F21D
:102070000521884220D1FFE740F2C430C2F20000BF
:10208000AA21017602A904F085FC16E040F2F400D2
:10209000C2F20000BB21017602A904F07BFC0CE037
:1020A00040F2F400C2F20000BB2180F8381020306A
:1020B00002A904F06FFC00E0FFE7FFE70CB080BD71
:1020C00081B0009001B0704780B584B00290029852
:1020D00090F8200001282FD1FFE70299022081F813
:1020E000200002980168086820F00100086000F0F4
:1020F000B3FD0190FFE7029800684068C007A8B1EF
:10210000FFE700F0A9FD0199401A0B280DD3FFE766
:102110000299486A40F4003048620299052081F82B
:10212000200001208DF80F000FE0E4E70299002065
:1021300048628DF80F0008E00299486A40F40020D8
:10214000486201208DF80F00FFE79DF80F0004B0F2
:1021500080BD000081B0009001B0704781B0009058
:1021600001B0704781B0009001B0704781B000901D
:1021700001B0704781B0009001B0704781B000900D
:1021800001B0704781B0009001B0704780B584B055
:1021900002900298806D019000F05EFD0090029820
:1021A00090F8350002280DD0FFE70299802048659D
:1021B000FFE70299002081F83400FFE701208DF845
:1021C0000F0055E002980168086820F016000860CA
:1021D00002980168486920F0800048610298006C0C
:1021E00020B9FFE70298806C38B1FFE702980168D8
:1021F000086820F008000860FFE702980168086896
:1022000020F001000860FFE7029800680068C0073E
:10221000C8B1FFE700F020FD0099401A062811D34D
:10222000FFE70299202048650299032081F83500D4
:10223000FFE70299002081F83400FFE703208DF8C2
:102240000F0015E0E0E70298C16D3F20884001993A
:1022500088600299012081F83500FFE7029900208B
:1022600081F83400FFE7FFE700208DF80F00FFE75B
:102270009DF80F0004B080BD82B00090009890F8E7
:102280003500022807D0FFE700998020486501202B
:102290008DF807000EE00099052081F835000098C0
:1022A0000168086820F001000860FFE700208DF851
:1022B0000700FFE79DF8070002B0704780B586B0C1
:1022C00005900020039040F20800C2F20000006870
:1022D00048F2B511C1F64E31A0FB0110800A029000
:1022E0000598806D01900198006804900498059904
:1022F000C96DC840000700281AD5FFE70598006897
:1023000000684007002812D5FFE7059801680868B3
:1023100020F0040008600598C16D082088400199EC
:1023200088600599486D40F001004865FFE7FFE7C8
:1023300004980599C96DC840C007A0B1FFE705988A
:1023400000684069000600280CD5FFE70598C16DBC
:1023500001208840019988600599486D40F002008D
:102360004865FFE7FFE704980599C96DC840400735
:10237000002814D5FFE7059800680068800700284A
:102380000CD5FFE70598C16D04208840019988604D
:102390000599486D40F004004865FFE7FFE70498A1
:1023A0000599C96DC840C006002847D5FFE70598C4
:1023B00000680068000700283FD5FFE70598C16D59
:1023C00010208840019988600598006800684003E3
:1023D00000281AD5FFE70598006800680003002868
:1023E00009D4FFE70598006C20B1FFE70598016C60
:1023F0008847FFE708E00598806C20B1FFE7059863
:10240000816C8847FFE7FFE716E0059800680068E1
:10241000C005002807D4FFE705980168086820F088
:1024200008000860FFE70598006C20B1FFE70598F9
:10243000016C8847FFE7FFE7FFE7FFE7049805998E
:10244000C96DC8408006002840F18D80FFE70598DF
:1024500000680068C006002840F18480FFE7059806
:10246000C16D2020884001998860059890F835005A
:10247000052834D1FFE705980168086820F01600A8
:10248000086005980168486920F080004861059857
:10249000006C20B9FFE70598806C38B1FFE705981C
:1024A0000168086820F008000860FFE70598C16D22
:1024B0003F208840019988600599012081F8350006
:1024C000FFE70599002081F83400FFE70598006DCB
:1024D00020B1FFE70598016D8847FFE77BE005988D
:1024E00000680068400300281AD5FFE705980068D7
:1024F00000680003002809D4FFE70598406C20B16C
:10250000FFE70598416C8847FFE708E00598C06B36
:1025100020B1FFE70598C16B8847FFE7FFE720E0A0
:10252000059800680068C005002811D4FFE70598E9
:102530000168086820F0100008600599012081F802
:102540003500FFE70599002081F83400FFE7FFE739
:102550000598C06B20B1FFE70598C16B8847FFE77E
:10256000FFE7FFE7FFE70598406DA0B3FFE7059899
:10257000406DC00730B3FFE70599052081F83500AD
:1025800005980168086820F001000860FFE70398DB
:10259000013003900299884201D9FFE707E0FFE785
:1025A000059800680068C0070028F0D1FFE705998A
:1025B000012081F83500FFE70599002081F83400FB
:1025C000FFE7FFE70598C06C20B1FFE70598C16CF5
:1025D0008847FFE7FFE706B080BD000080B586B002
:1025E00004900020039000F037FB0290049820B97B
:1025F000FFE701208DF81700A3E00498406A08B1B6
:10260000FFE7FFE70499022081F83500FFE704990E
:10261000002081F83400FFE704980168086820F082
:1026200001000860FFE7049800680068C00790B1E7
:10263000FFE700F011FB0299401A06280AD3FFE7D2
:102640000499202048650499032081F835008DF80D
:10265000170076E0E7E704980068006803900398A5
:1026600048F23F01CFF21001084003900499009115
:102670004868D1F808C0CB680A6940EA0C001843E2
:1026800010434A6910438A691043CA691043096AB2
:1026900001430398084303900498406A042808D132
:1026A000FFE70499C86A096B014303980843039044
:1026B000FFE7039804990968086004980068406976
:1026C0000390039820F0070003900498416A039850
:1026D000084303900498406A04281AD1FFE704983D
:1026E000816A0398084303900498C06A80B1FFE7A9
:1026F0000498FEF7A9FB50B1FFE704994020486514
:102700000499012081F835008DF8170019E0FFE7E2
:10271000FFE703980499096848610498FEF768FB8D
:1027200001900498C16D3F20884001998860049908
:1027300000204865049A012182F835108DF81700B1
:10274000FFE79DF8170006B080BD000080B588B097
:10275000069005910492039300208DF80B000698D3
:10276000806D0190FFE7069890F83400012804D1AD
:10277000FFE702208DF81F0045E00699012081F84F
:102780003400FFE7FFE7069890F8350001282BD1C9
:10279000FFE70699022081F8350006990020486578
:1027A00006980599049A039BFEF7C6FB0698C16D2F
:1027B0003F2088400199886006980168086840F0C9
:1027C000160008600698006C38B1FFE706980168AB
:1027D000086840F008000860FFE70698016808688C
:1027E00040F00100086009E0FFE70699002081F849
:1027F0003400FFE702208DF80B00FFE79DF80B0087
:102800008DF81F00FFE79DF81F0008B080BD000095
:1028100090B00F900E9100200C900B900A900D90AC
:10282000FFE70D980F2800F2E881FFE70D990120DE
:1028300088400C900E9800680C9908400B900B98FB
:102840000C99884240F0D481FFE70E98406800F070
:102850000300012807D0FFE70E98406800F003004E
:1028600002282FD1FFE70F9880680A900D98410049
:10287000032000FA01F10A9888430A900E98C06874
:102880000D99490000FA01F10A9808430A900A9844
:102890000F9988600F9840680A900D99012000FAFE
:1028A00001F10A9888430A900E984068C0F300101E
:1028B0000D9900FA01F10A9808430A900A980F99B5
:1028C0004860FFE70E98406800F00300032818D026
:1028D000FFE70F98C0680A900D984100032000FAA6
:1028E00001F10A9888430A900E9880680D99490072
:1028F00000FA01F10A9808430A900A980F99C860F3
:10290000FFE70E98406800F00300022826D1FFE799
:102910000F980D996FF0030202EA51010844006A12
:102920000A900D9800F0070081000F2000FA01F1D5
:102930000A9888430A900E9800690D9901F00701E2
:10294000890000FA01F10A9808430A900A980F9941
:102950000D9B02EA530211440862FFE70F980068DA
:102960000A900D984100032000FA01F10A9888436B
:102970000A900E98406800F003000D99490000FA93
:1029800001F10A9808430A900A980F9908600E9876
:1029900080798007002800F02A81FFE7FFE7002008
:1029A000099043F64400C4F20200016841F48041FA
:1029B0000160006800F4804009900998FFE70D98D5
:1029C00020F0030043F60801C4F2010140580A90C8
:1029D0000D9800F0030081000F2000FA01F10A9821
:1029E00088430A900F980021C4F20201884203D163
:1029F000FFE7002008907AE00F9840F20041C4F20F
:102A00000201884203D1FFE7012007906CE00F9894
:102A100040F60001C4F20201884203D1FFE7022020
:102A200006905EE00F9840F60041C4F20201884231
:102A300003D1FFE70320059050E00F9841F2000119
:102A4000C4F20201884203D1FFE70420049042E06F
:102A50000F9841F20041C4F20201884203D1FFE71E
:102A60000520039034E00F9841F60001C4F2020102
:102A7000884203D1FFE70620029026E00F9841F636
:102A80000041C4F20201884203D1FFE70720019010
:102A900018E00F9842F20001C4F20201884203D10B
:102AA000FFE7082000900AE00F9942F20042C4F2CA
:102AB00002020A20914208BF09200090FFE7009817
:102AC0000190FFE701980290FFE702980390FFE76B
:102AD00003980490FFE704980590FFE70598069097
:102AE000FFE706980790FFE707980890FFE7089828
:102AF000C0B20D9901F00301890000FA01F10A98B2
:102B000008430A900A980D9921F0030143F6080240
:102B1000C4F20102885043F60840C4F20100006884
:102B20000A900B990A9888430A900E988079C006FB
:102B3000002805D5FFE70B990A9808430A90FFE79C
:102B40000A9843F60841C4F20101086043F60C40BC
:102B5000C4F2010000680A900B990A9888430A9011
:102B60000E9880798006002805D5FFE70B990A9812
:102B700008430A90FFE70A9843F60C41C4F20101AA
:102B8000086043F60440C4F2010000680A900B9903
:102B90000A9888430A900E9880798007002805D506
:102BA000FFE70B990A9808430A90FFE70A9843F653
:102BB0000441C4F20101086043F60040C4F2010080
:102BC00000680A900B990A9888430A900E988079B9
:102BD000C00728B1FFE70B990A9808430A90FFE75E
:102BE0000A9843F60041C4F201010860FFE7FFE7DD
:102BF000FFE70D9801300D9013E610B0704700000C
:102C000083B00290ADF80610029840690090009AD7
:102C1000BDF8060002EA0001904340EA0140029933
:102C2000886103B07047000082B00190ADF80210D7
:102C30008DF801209DF8010028B1FFE7BDF80200E2
:102C40000199886105E0BDF80200000401998861DE
:102C5000FFE702B07047000044F68440C2F2000073
:102C60000068704740F21000C2F20000027844F69B
:102C70008441C2F2000108681044086070470000F7
:102C800080B543F60041C4F20201086840F40070C8
:102C90000860086840F480600860086840F480704C
:102CA0000860032000F0CEF80F2000F005F800F0D7
:102CB00079F8002080BD000080B58CB00B9000201A
:102CC00004900390FFE70020009043F64000C4F218
:102CD0000200016841F001010160006800F001009C
:102CE00000900098FFE706A802A900F045FA0998AD
:102CF0000490049820B9FFE700F06EFA059004E014
:102D000000F06AFA40000590FFE705984DF68361F0
:102D1000C4F21B31A0FB01014FF0FF3000EB9140EA
:102D2000039040F6A000C2F200004FF08041016025
:102D300040F2E731C1600399416000210161816087
:102D4000816100F0DBFE8DF807009DF8070028BBCD
:102D5000FFE740F6A000C2F2000000F0BBFF8DF8D4
:102D600007009DF80700C0B9FFE71C2000F046F8F7
:102D70000B980F280CD8FFE70B991C20002200F0BD
:102D800047F80B9840F21401C2F20001086003E01A
:102D900001208DF80700FFE7FFE7FFE79DF8070038
:102DA0000CB080BD80B582B0FFE70020019043F6F3
:102DB0004400C4F20200016841F4804101600068EF
:102DC00000F4804001900198FFE7FFE700200090A9
:102DD00043F64000C4F20200016841F080510160F6
:102DE000006800F0805000900098FFE76FF001004D
:102DF0000F21002200F00CF802B080BD80B582B037
:102E00008DF807009DF9070006F08AFA02B080BD30
:102E100080B586B08DF817000491039200200290CF
:102E200006F096FA02909DF9170001900298049915
:102E3000039A04F041FA0146019806F091FA06B0AF
:102E400080BD000080B582B00190019806F0CCFAF8
:102E500002B080BD80B584B000200290FFE7002062
:102E6000019043F64000C4F20200016841F0805135
:102E70000160006800F0805001900198FFE7402158
:102E8000C4F20E2101200860FFF7E6FE0290FFE782
:102E900047F20400C4F20000006800F48030B0F58E
:102EA000803F0DD0FFE7FFF7D7FE0299401AB0F53B
:102EB0007A7F04D9FFE703208DF80F0025E0E7E7CC
:102EC0004421C4F20E2101200860FFF7C5FE0290E4
:102ED000FFE747F20400C4F20000006800F400308D
:102EE000B0F5003F0DD0FFE7FFF7B6FE0299401A9C
:102EF000B0F57A7F04D9FFE703208DF80F0004E0D6
:102F0000E7E700208DF80F00FFE79DF80F0004B001
:102F100080BD000080B584B002900191029820B974
:102F2000FFE701208DF80F0021E1019843F60041F1
:102F3000C4F20201096801F00F01884212D9FFE7CB
:102F4000019943F60040C4F202000170006800F0ED
:102F50000F000199884204D0FFE701208DF80F008F
:102F600005E1FFE702980078800700282AD5FFE7EF
:102F7000029800784007002809D5FFE743F60801CA
:102F8000C4F20201086840F4E0500860FFE70298CC
:102F900000780007002809D5FFE743F60801C4F2CE
:102FA0000201086840F460400860FFE743F608014A
:102FB000C4F20201086820F0F000029A92681043FF
:102FC0000860FFE702980078C00700286ED0FFE78E
:102FD00002984068012811D1FFE743F60000C4F2CF
:102FE0000200006800F400310020B0EB514F04D122
:102FF000FFE701208DF80F00B9E02CE0029840684F
:10300000022805D0FFE702984068032811D1FFE7A6
:1030100043F60000C4F20200006800F000710020D6
:10302000B0EB516F04D1FFE701208DF80F009EE057
:1030300010E043F60000C4F20200006800F0020154
:103040000020B0EB510F04D1FFE701208DF80F00F5
:103050008DE0FFE7FFE743F60801C4F202010868CC
:1030600020F00300029A526810430860FFF7F4FD55
:103070000090FFE743F60800C4F20200006800F089
:103080000C0002994968B0EB810F0ED0FFE7FFF703
:10309000E3FD0099401A41F28931884204D3FFE7E9
:1030A00003208DF80F0062E0E4E7FFE7019843F6A4
:1030B0000041C4F20201096801F00F01884212D2F6
:1030C000FFE7019943F60040C4F202000170006876
:1030D00000F00F000199884204D0FFE701208DF82D
:1030E0000F0044E0FFE702980078400700280CD565
:1030F000FFE743F60801C4F20201086820F4E0503B
:10310000029AD26810430860FFE70298007800072F
:1031100000280DD5FFE743F60801C4F20201086854
:1031200020F46040029A126940EAC2000860FFE79A
:1031300000F076F843F60801C4F202010968C9B24A
:103140000A094EF60051C0F60001895CC84040F201
:103150000801C2F20001086040F21400C2F200004F
:103160000068FFF7A9FD00208DF80F00FFE79DF82C
:103170000F0004B080BD000082B001900091019961
:103180000F20086043F60800C4F20200016801F055
:103190000301019A5160016801F0F001019A916008
:1031A000016801F4E051019AD160006800F46040C8
:1031B000C0080199086143F60040C4F202000068AB
:1031C00000F00F000099086002B0704740F208005C
:1031D000C2F200000068704780B5FFF7F7FF43F6C2
:1031E0000801C4F202010968C1F382224EF61051AF
:1031F000C0F60001895CC84080BD000080B5FFF7C3
:10320000E5FF43F60801C4F20201096889B24A0BDE
:103210004EF61051C0F60001895CC84080BD000028
:1032200080B586B00020059004900390029043F68C
:103230000800C4F20200006800F00C000146019191
:1032400040B1FFE7019804280AD0FFE70198082859
:103250000CD04FE042F20040C0F2F40002904FE088
:1032600041F60030C0F2B700029049E043F6040096
:10327000C4F20200016801F03F01059100684002BC
:10328000002813D5FFE743F60400C4F202000068EB
:10329000C0F3881041F60031C0F2B701A0FB010174
:1032A000059A0023FCF79EFF049012E043F6040009
:1032B000C4F202000068C0F3881042F20041C0F27C
:1032C000F401A0FB0101059A0023FCF78BFF049099
:1032D000FFE743F60400C4F20200006800F4403146
:1032E000022000EBD130039004980399B0FBF1F079
:1032F000029005E042F20040C0F2F4000290FFE7C5
:10330000029806B080BD000080B586B00490049895
:1033100020B9FFE701208DF8170050E304980078EA
:10332000C007002800F0A580FFE743F60800C4F2BC
:103330000200006800F00C00042813D0FFE743F6F9
:103340000800C4F20200006800F00C0008281ED13A
:10335000FFE743F60400C4F20200006840020028C0
:1033600015D5FFE743F60000C4F20200006800F440
:1033700000310020B0EB514F08D0FFE704984068BF
:1033800020B9FFE701208DF8170018E370E0FFE790
:1033900004984068B0F5803F09D1FFE743F600018B
:1033A000C4F20201086840F48030086020E004980C
:1033B0004068B0F5A02F0DD1FFE743F60001C4F23D
:1033C0000201086840F480200860086840F48030FA
:1033D00008600CE043F60001C4F20201086820F422
:1033E00080300860086820F480200860FFE7FFE76D
:1033F000FFE704984068E8B1FFE7FFF72DFC039072
:10340000FFE743F60000C4F20200006800F4003158
:103410000020B0EB514F0CD1FFE7FFF71DFC0399E3
:10342000401A652804D3FFE703208DF81700C6E291
:10343000E7E71CE0FFF710FC0390FFE743F600000E
:10344000C4F20200006800F400310020B0EB514FDC
:103450000CD0FFE7FFF700FC0399401A652804D35E
:10346000FFE703208DF81700A9E2E7E7FFE7FFE792
:10347000FFE7049800788007002840F19680FFE776
:1034800043F60800C4F20200006810F00C0F13D0DD
:10349000FFE743F60800C4F20200006800F00C00E9
:1034A00008282CD1FFE743F60400C4F202000068AC
:1034B0004002002823D4FFE743F60000C4F20200D4
:1034C000006800F002010020B0EB510F09D0FFE7C7
:1034D0000498C068012804D0FFE701208DF8170088
:1034E0006DE243F60001C4F20201086820F0F80022
:1034F000049A126940EAC2000860FFE754E00498A9
:10350000C06870B3FFE70021C4F2472101200860C2
:10351000FFF7A2FB0390FFE743F60000C4F20200AE
:10352000006800F002010020B0EB510F0CD1FFE762
:10353000FFF792FB0399401A032804D3FFE7032007
:103540008DF817003BE2E7E743F60001C4F2020101
:10355000086820F0F800049A126940EAC200086086
:1035600021E00021C4F2472100200860FFF774FB2E
:103570000390FFE743F60000C4F20200006800F089
:1035800002010020B0EB510F0CD0FFE7FFF764FB06
:103590000399401A032804D3FFE703208DF817008E
:1035A0000DE2E7E7FFE7FFE7FFE704980078000791
:1035B00000284BD5FFE70498406918B3FFE740F6B1
:1035C0008061C4F2472101200860FFF745FB0390AA
:1035D000FFE743F67400C4F20200006800F0020145
:1035E0000020B0EB510F0CD1FFE7FFF735FB03993B
:1035F000401A032804D3FFE703208DF81700DEE10B
:10360000E7E722E040F68061C4F24721002008602D
:10361000FFF722FB0390FFE743F67400C4F20200B9
:10362000006800F002010020B0EB510F0CD0FFE762
:10363000FFF712FB0399401A032804D3FFE7032086
:103640008DF81700BBE1E7E7FFE7FFE70498007894
:103650004007002840F1CE80FFE700208DF80700EA
:1036600043F64000C4F202000068C000002815D4F0
:10367000FFE7FFE70020009043F64000C4F202009D
:10368000016841F080510160006800F080500090B6
:103690000098FFE701208DF80700FFE747F20000E0
:1036A000C4F200000068C005002822D4FFE747F2FA
:1036B0000001C4F20001086840F480700860FFF760
:1036C000CBFA0390FFE747F20000C4F20000006865
:1036D000C00500280CD4FFE7FFF7BEFA0399401A93
:1036E000032804D3FFE703208DF8170067E1EAE71A
:1036F000FFE7FFE704988068012809D1FFE743F658
:103700007001C4F20201086840F0010008601FE087
:103710000498806805280DD1FFE743F67001C4F2D4
:103720000201086840F004000860086840F00100E9
:1037300008600CE043F67001C4F20201086820F052
:1037400001000860086820F004000860FFE7FFE758
:10375000FFE704988068F8B1FFE7FFF77DFA039070
:10376000FFE743F67000C4F20200006800F00201B7
:103770000020B0EB510F0ED1FFE7FFF76DFA039970
:10378000401A41F28931884204D3FFE703208DF8C3
:10379000170014E1E5E71EE0FFF75EFA0390FFE78C
:1037A00043F67000C4F20200006800F0020100203D
:1037B000B0EB510F0ED0FFE7FFF74EFA0399401A16
:1037C00041F28931884204D3FFE703208DF81700C6
:1037D000F5E0E5E7FFE79DF80700012809D1FFE7DD
:1037E00043F64001C4F20201086820F080500860EE
:1037F000FFE7FFE704988069002800F0DC80FFE71E
:1038000043F60800C4F20200006800F00C0008282B
:1038100000F08580FFE70498806902285CD1FFE70B
:103820006021C4F2472100200860FFF715FA0390D9
:10383000FFE743F60000C4F20200006800F00071E8
:103840000020B0EB516F0CD0FFE7FFF705FA0399AA
:10385000401A032804D3FFE703208DF81700AEE0D9
:10386000E7E70499C869D1F820C04B6A8A6A40EA40
:103870000C0040EA8310D2034FF6FF739A43A2F57F
:1038800080321043C96A40EA016043F60401C4F281
:10389000020108606021C4F2472101200860FFF79F
:1038A000DBF90390FFE743F60000C4F20200006872
:1038B00000F000710020B0EB516F0CD1FFE7FFF773
:1038C000CBF90399401A032804D3FFE703208DF8AE
:1038D000170074E0E7E721E06021C4F247210020EF
:1038E0000860FFF7B9F90390FFE743F60000C4F260
:1038F0000200006800F000710020B0EB516F0CD0A6
:10390000FFE7FFF7A9F90399401A032804D3FFE75B
:1039100003208DF8170052E0E7E7FFE74AE004983C
:103920008069012804D1FFE701208DF8170046E0E7
:1039300043F60400C4F20200006802900498806913
:10394000012831D0FFE7029800F480000499C9698A
:10395000884229D1FFE7029800F03F000499096AE4
:10396000884221D1FFE7029847F6C07108400499C8
:10397000496AB0EB811F17D1FFE7029800F440308D
:103980000499896AC9034FF6FF729143A1F580310A
:10399000884209D1FFE7029800F070600499C96A73
:1039A000B0EB016F04D0FFE701208DF8170006E0AF
:1039B000FFE7FFE7FFE700208DF81700FFE79DF81E
:1039C000170006B080BD000081B0009001B07047C4
:1039D00081B0009001B0704785B003900291FFE77D
:1039E000039890F83C00012804D1FFE702208DF8ED
:1039F00013007EE00399012081F83C00FFE7FFE718
:103A00000399022081F83D00039800684068019006
:103A10000398006880680090019820F07000019081
:103A20000298016801980843019001980399096878
:103A30004860039800680021C4F2010188423CD02C
:103A4000FFE703980068B0F1804F36D0FFE7039896
:103A5000006840F20041C4F2000188422DD0FFE727
:103A60000398006840F60001C4F20001884224D0A7
:103A7000FFE70398006840F60041C4F20001884265
:103A80001BD0FFE70398006840F20041C4F2010137
:103A9000884212D0FFE70398006844F20001C4F2A4
:103AA0000101884209D0FFE70398006841F6000150
:103AB000C4F2000188420ED1FFE7009820F0800098
:103AC000009002984168009808430090009803997C
:103AD00009688860FFE70399012081F83D00FFE74E
:103AE0000399002081F83C00FFE700208DF81300C7
:103AF000FFE79DF8130005B07047000080B582B065
:103B00000090009820B9FFE701208DF807003FE002
:103B1000009890F83D0040B9FFE70099002081F837
:103B20003C00009800F038F8FFE70099022081F887
:103B30003D00009951F8040B04F024F9009901208C
:103B400081F84600FFE70099012081F83E000099C6
:103B500081F83F00009981F84000009981F8410008
:103B6000FFE7FFE70099012081F84200009981F802
:103B70004300009981F84400009981F84500FFE76F
:103B80000099012081F83D0000208DF80700FFE733
:103B90009DF8070002B080BD80B584B00390039803
:103BA00000680021C4F2010188421BD1FFE7FFE752
:103BB0000020029043F64400C4F20200016841F084
:103BC00001010160006800F0010002900298FFE727
:103BD0001920019005210022FFF71AF90198FFF73B
:103BE0000DF9FFE704B080BD83B00190019890F813
:103BF0003D00012804D0FFE701208DF80B0064E0B0
:103C00000199022081F83D00019800680021C4F26A
:103C1000010188423CD0FFE701980068B0F1804F75
:103C200036D0FFE70198006840F20041C4F200017D
:103C300088422DD0FFE70198006840F60001C4F2E9
:103C40000001884224D0FFE70198006840F6004157
:103C5000C4F2000188421BD0FFE70198006840F2DF
:103C60000041C4F20101884212D0FFE701980068C8
:103C700044F20001C4F20101884209D0FFE7019833
:103C8000006841F60001C4F20001884212D1FFE74A
:103C900001980068806800F00700009000980628EE
:103CA00007D0FFE701980168086840F0010008604C
:103CB000FFE706E001980168086840F0010008602D
:103CC000FFE700208DF80B00FFE79DF80B0003B025
:103CD0007047000083B00190019890F83D000128E2
:103CE00004D0FFE701208DF80B006AE00199022063
:103CF00081F83D0001980168C86840F00100C86083
:103D0000019800680021C4F2010188423CD0FFE71D
:103D100001980068B0F1804F36D0FFE70198006845
:103D200040F20041C4F2000188422DD0FFE7019823
:103D3000006840F60001C4F20001884224D0FFE789
:103D40000198006840F60041C4F2000188421BD08F
:103D5000FFE70198006840F20041C4F20101884287
:103D600012D0FFE70198006844F20001C4F201019B
:103D7000884209D0FFE70198006841F60001C4F2CB
:103D80000001884212D1FFE701980068806800F0C6
:103D9000070000900098062807D0FFE70198016807
:103DA000086840F001000860FFE706E0019801683C
:103DB000086840F001000860FFE700208DF80B0064
:103DC000FFE79DF80B0003B07047000080B586B098
:103DD0000490039100208DF80B00FFE7049890F801
:103DE0003C00012804D1FFE702208DF81700ABE06A
:103DF0000499012081F83C00FFE7FFE704990220C5
:103E000081F83D000498006880680190019820F0D6
:103E100077000190019820F47F4001900198049967
:103E200009688860039800680090002872D0FFE756
:103E3000009810286ED0FFE7009820286AD0FFE78E
:103E40000098302866D0FFE70098402855D0FFE75B
:103E50000098502837D0FFE70098602840D0FFE74F
:103E6000009870280BD0FFE70098B0F5805F05D070
:103E7000FFE70098B0F5005F16D052E055E00498D7
:103E80000068039B5A689968DB6804F069F8049835
:103E9000006880680190019840F0770001900198D7
:103EA00004990968886040E004980068039B5A6898
:103EB0009968DB6804F054F804980168886840F455
:103EC0008040886031E004980068039A5168D268A5
:103ED00004F032FA04980068502104F05BF824E002
:103EE00004980068039A5168D26804F04DFA049867
:103EF0000068602104F04EF817E004980068039A07
:103F00005168D26804F018FA04980068402104F05F
:103F100041F80AE0049800680399096804F03AF847
:103F200003E001208DF80B00FFE70499012081F8E0
:103F30003D00FFE70499002081F83C00FFE79DF871
:103F40000B008DF81700FFE79DF8170006B080BD45
:103F500081B0009001B0704780B584B003900398A1
:103F60000068C068029003980068006901909DF89D
:103F700004008007002824D5FFE79DF8080080078B
:103F800000281DD5FFE7039801686FF00200086163
:103F9000039901200877039800688069800720B1A1
:103FA000FFE70398FFF7D4FF06E0039800F018F945
:103FB000039800F029FAFFE7039900200877FFE74C
:103FC000FFE79DF804004007002825D5FFE79DF88E
:103FD0000800400700281ED5FFE7039801686FF02E
:103FE000040008610399022008770398006880693B
:103FF00010F4407F04D0FFE70398FFF7A9FF06E025
:10400000039800F0EDF8039800F0FEF9FFE703993C
:1040100000200877FFE7FFE79DF80400000700286D
:1040200024D5FFE79DF80800000700281DD5FFE70D
:10403000039801686FF0080008610399042008776D
:1040400003980068C069800720B1FFE70398FFF775
:104050007FFF06E0039800F0C3F8039800F0D4F95E
:10406000FFE7039900200877FFE7FFE79DF80400CA
:10407000C006002825D5FFE79DF80800C0060028E7
:104080001ED5FFE7039801686FF0100008610399DF
:104090000820087703980068C06910F4407F04D0B6
:1040A000FFE70398FFF754FF06E0039800F098F845
:1040B000039800F0A9F9FFE7039900200877FFE7CC
:1040C000FFE79DF80400C00778B1FFE79DF80800FE
:1040D000C00748B1FFE7039801686FF0010008616D
:1040E000039800F07BFAFFE7FFE79DF80400000665
:1040F000002810D5FFE79DF808000006002809D524
:10410000FFE7039801686FF0800008610398FFF7EC
:104110005BFCFFE7FFE79DF804004006002810D590
:10412000FFE79DF808004006002809D5FFE703983F
:1041300001686FF040000861039800F0F1FBFFE7B1
:10414000FFE79DF804008006002810D5FFE79DF8E2
:1041500008008006002809D5FFE7039801686FF082
:10416000200008610398FFF733FCFFE7FFE704B086
:1041700080BD000080B588B00790002006900590B3
:104180000490039002900798006841F60001C4F281
:104190000001884222D1FFE7FFE70020019043F6AB
:1041A0003000C4F20200016841F080010160006843
:1041B00000F0800001900198FFE74020029002206B
:1041C00003900020049005900920069041F60040DD
:1041D000C4F2020002A9FEF71BFBFFE708B080BD96
:1041E00081B0009001B0704780B586B00490039113
:1041F000029200208DF80700FFE7049890F83C0039
:10420000012804D1FFE702208DF8170089E0049906
:10421000012081F83C00FFE7FFE7029800900C289E
:1042200000F270800099DFE801F0076D6D6D206D80
:104230006D6D3A6D6D6D530004980068039903F03D
:10424000BFFE04980168886940F0080088610498FE
:104250000168886920F00400886103980269049865
:10426000016888691043886150E0049800680399E8
:1042700003F01CFF04980168886940F400608861BD
:1042800004980168886920F4806088610398026955
:1042900004980168886940EA0220886136E0049841
:1042A0000068039903F07CFF04980168C86940F036
:1042B0000800C86104980168C86920F00400C8615A
:1042C0000398026904980168C8691043C8611DE039
:1042D00004980068039903F0DDFF04980168C86939
:1042E00040F40060C86104980168C86920F48060E7
:1042F000C8610398026904980168C86940EA02200D
:10430000C86103E001208DF80700FFE7FFE704998B
:10431000002081F83C00FFE79DF807008DF81700AA
:10432000FFE79DF8170006B080BD000080B582B0A1
:104330000090009820B9FFE701208DF807003FE0CA
:10434000009890F83D0040B9FFE70099002081F8FF
:104350003C00009800F038F8FFE70099022081F84F
:104360003D00009951F8040B03F00CFD0099012069
:1043700081F84600FFE70099012081F83E0000998E
:1043800081F83F00009981F84000009981F84100D0
:10439000FFE7FFE70099012081F84200009981F8CA
:1043A0004300009981F84400009981F84500FFE737
:1043B0000099012081F83D0000208DF80700FFE7FB
:1043C0009DF8070002B080BD82B00190019800689E
:1043D00041F60001C4F20001884212D1FFE7FFE775
:1043E0000020009043F64000C4F20200016841F052
:1043F00040010160006800F0400000900098FFE775
:10440000FFE702B07047000081B0009001B0704734
:1044100080B58CB00A900991099828B9FFE70A98ED
:1044200090F83E0007901CE00998042805D1FFE7AA
:104430000A9890F83F00069010E00998082805D1E6
:10444000FFE70A9890F84000059004E00A9890F879
:1044500041000590FFE705980690FFE70698079052
:10446000FFE70798012804D0FFE701208DF82F000F
:10447000AFE0099828B9FFE70A99022081F83E00C9
:104480001EE00998042806D1FFE70A99022081F866
:104490003F00049012E00998082806D1FFE70A9926
:1044A000022081F84000039005E00A99022081F87B
:1044B00041000390FFE703980490FFE70498FFE7AB
:1044C0000A98006809990122019203F02DFD0198D4
:1044D0000A9909680022C4F20102914202900CD0AC
:1044E000FFE70A9800684FF60041CBF6FE710844DA
:1044F000B0FA80F040090290FFE70298C00738B197
:10450000FFE70A980168486C40F400404864FFE700
:104510000A9800680021C4F2010188423CD0FFE7FC
:104520000A980068B0F1804F36D0FFE70A9800681B
:1045300040F20041C4F2000188422DD0FFE70A9802
:10454000006840F60001C4F20001884224D0FFE771
:104550000A98006840F60041C4F2000188421BD06E
:10456000FFE70A98006840F20041C4F20101884266
:1045700012D0FFE70A98006844F20001C4F201017A
:10458000884209D0FFE70A98006841F60001C4F2AA
:104590000001884212D1FFE70A980068806800F0A5
:1045A000070008900898062807D0FFE70A980168D6
:1045B000086840F001000860FFE706E00A9801681B
:1045C000086840F001000860FFE700208DF82F0028
:1045D000FFE79DF82F000CB080BD000080B58CB0C7
:1045E0000B900B9800680021C4F20101884240F052
:1045F0008381FFE740F2C430C2F20000089090EDE2
:10460000020A40F22000C2F2000090ED071A30EEDC
:10461000410A8DED0A0A40F28810C2F2000090F8BB
:1046200001216946642088600A2048601E200860D5
:1046300040F26840C2F2000040F6EC71C2F20001A4
:10464000142301F07FFA40F6D070C2F2000090ED22
:10465000000A40F2F400C2F20000B0F90410B0F910
:10466000240001EE101AB8EEC11AB0EEC11A02EE23
:10467000100AB8EEC22AF0EEC20AB4EE601AF1EEE9
:1046800010FAB8BFF0EE410A40F27C40C2F20000DE
:1046900004F01EFD40F2B040C2F2000090ED020AAC
:1046A00040F21850C2F2000090ED001A30EE010AFC
:1046B000DFED970AFCF7F4FC089840F24801C2F2DB
:1046C0000001099181ED000A90ED020ADFED910AE7
:1046D000FCF7E6FC099981ED010A45F25430C2F27B
:1046E0000000806A88600020C86040F23410C2F286
:1046F000000090ED0B0ABDEEC00A10EE100A02F0A9
:10470000B1FE01282ED1FFE741F27800C2F200008D
:10471000049090ED000A40F2F400C2F2000005900F
:10472000D0ED030A40F26400C2F20000069002F0ED
:10473000F9FD049A05990698BDEEC00A10EE103AEC
:10474000079392ED000AB1EE400AD1ED0B0A483012
:1047500002F0E8FD0798BDEEC00A10EE101AFCF753
:1047600025FCFFE740F6D070C2F2000090ED020A8F
:10477000D0ED030A90ED041A0020039007F076F8BC
:10478000039804F075FD012819D1FFE740F6522087
:10479000C2F20000B0F90000FCF756FC40F22C40D9
:1047A000C2F20000407E40B9FFE740F65821C2F255
:1047B000000108680130086000E0FFE7FFE740F211
:1047C000D040C2F200000068B0F5FA6F01D9FFE7EF
:1047D00007E040F2D041C2F20001086801300860F1
:1047E000FFE740F26840C2F20000007A032841D09F
:1047F000FFE740F6D070C2F2000090ED051A45F2D6
:10480000A440C2F2000090ED000A30EE410A80EDB3
:10481000000A90ED000A9FED401AB4EE410AF1EE55
:1048200010FA0DDDFFE745F2A440C2F2000090ED62
:10483000000A9FED3A1A30EE010A80ED000AFFE708
:1048400045F2A440C2F2000090ED000AB5EE400A25
:10485000F1EE10FA0DDAFFE745F2A440C2F20000D3
:1048600090ED000A9FED2C1A30EE010A80ED000A4F
:10487000FFE710E040F28810C2F2000090ED480A15
:10488000DFED230AFCF74CFC45F2A440C2F2000025
:1048900080ED000AFFE740F6502CC2F2000C9CF8B5
:1048A000000040F6C971C2F20001087040F21453D2
:1048B000C2F20003187840F6C871C2F20001087015
:1048C00045F29432C2F20002107840F6CB71C2F287
:1048D0000001087040F6CC71C2F20001087840F681
:1048E000CA7EC2F2000E8EF8000000208CF8000094
:1048F000187010700870FFE70B980068B0F1804FD7
:1049000003D1FFE7FEF7AEF9FFE70CB080BD00BFB3
:104910001C8A23C20000FA420000B4430000B4C362
:1049200081B0009001B0704780B586B004900391CB
:10493000ADF80A20049890F84200202848D1FFE7FB
:10494000039820B1FFE7BDF80A0020B9FFE7012076
:104950008DF8170040E004990120086304990020B5
:10496000486304980399BDF80A2004F02DF88DF8E7
:1049700009000498006B012821D1FFE7FFE7002020
:1049800001900498006800680190049800684068ED
:1049900001900198FFE7FFE7FFE70498006850E8FF
:1049A000030F40F010000090FFE7009904980268A0
:1049B00042E803100028F0D1FFE7FFE703E0012001
:1049C0008DF80900FFE79DF809008DF8170003E056
:1049D00002208DF81700FFE79DF8170006B080BD94
:1049E00080B582B00190ADF802100198006844F6DD
:1049F0000001C4F20001884241D1FFE740F2881073
:104A0000C2F2000090F83801512815D1FFE740F2BA
:104A10008810C2F2000090F8390159280CD1FFE744
:104A200040F28811C2F2000101F1E80001F59C7129
:104A30008022FBF708FC0AE040F28810C2F2000076
:104A400000F59C704FF48071FBF716FCFFE740F215
:104A50009060C2F200000168086820F00800086059
:104A600040F28810C2F2000000F59C7140F6781008
:104A7000C2F200004FF48072FFF756FF00E0FFE73C
:104A800002B080BD81B0009001B0704780B592B097
:104A90001190119800680068109011980068C06823
:104AA0000F901198006840690E9000200D900C90B6
:104AB000109800F00F000D900D9888B9FFE79DF851
:104AC0004000800600280AD5FFE79DF83C008006DC
:104AD000002804D5FFE7119803F024FE02E2FFE767
:104AE0000D98002800F0C280FFE79DF83800C0074D
:104AF00038B9FFE7BDF83C0010F4907F00F0B680B5
:104B0000FFE79DF84000C00758B1FFE79DF83D0062
:104B1000C00730B1FFE71199486C40F001004864CC
:104B2000FFE79DF84000400700280BD5FFE79DF800
:104B30003800C00730B1FFE71199486C40F002001F
:104B40004864FFE79DF84000800700280BD5FFE789
:104B50009DF83800C00730B1FFE71199486C40F06C
:104B600004004864FFE79DF840000007002811D5C5
:104B7000FFE79DF83C008006002805D4FFE79DF87C
:104B80003800C00730B1FFE71199486C40F00800C9
:104B90004864FFE71198406C002866D0FFE79DF855
:104BA0004000800600280AD5FFE79DF83C008006FB
:104BB000002804D5FFE7119803F0B4FDFFE7119832
:104BC00000684069C0F380100C901198406C000799
:104BD000002804D4FFE70C9800283ED0FFE7119886
:104BE00003F026FD119800684069400600282FD583
:104BF000FFE7FFE7FFE71198006850E8050F20F096
:104C000040000B90FFE70B991198026842E80510ED
:104C10000028F0D1FFE7FFE71198C06B98B1FFE7DC
:104C20001198C16B48F2DD30C0F60000086511989C
:104C3000C06BFDF721FB28B1FFE71198C06B016D38
:104C40008847FFE703E01198FFF71CFFFFE703E049
:104C50001198FFF717FFFFE706E01198FFF712FF23
:104C6000119900204864FFE7FFE73BE11198006BD2
:104C7000012840F01781FFE79DF84000C00600289A
:104C800040F11081FFE79DF83C00C006002840F18C
:104C90000981FFE7FFE700200A901198006800688B
:104CA0000A901198006840680A900A98FFE71198E6
:104CB000006840694006002840F19A80FFE711989B
:104CC000C06B00684068ADF82600BDF826000028DB
:104CD00075D0FFE7BDF826001199898D88426EDAFC
:104CE000FFE7BDF826001199C8851198C06BC0690F
:104CF000B0F5807F58D0FFE7FFE7FFE71198006825
:104D000050E8030F20F480700890FFE7089911988D
:104D1000026842E803100028F0D1FFE7FFE7FFE751
:104D2000FFE71198006850E8050F20F00100079098
:104D3000FFE707991198026842E805100028F0D1B2
:104D4000FFE7FFE7FFE7FFE71198006850E8050F6E
:104D500020F040000690FFE706991198026842E8AB
:104D600005100028F0D1FFE7FFE71199202081F816
:104D70004200119900200863FFE7FFE711980068DF
:104D800050E8030F20F010000590FFE705991198F7
:104D9000026842E803100028F0D1FFE7FFE711980E
:104DA000C06BFDF7F3F9FFE71199022048631198F2
:104DB000818DC28D891A89B2FFF712FE17E0BDF806
:104DC00026001199898D884210D1FFE71198C06B98
:104DD000C069B0F5807F08D1FFE7119902204863D0
:104DE0001198818DFFF7FCFDFFE7FFE7FFE779E012
:104DF0001199888DC98D401AADF812001198C08D97
:104E000000284ED0FFE7BDF81200002849D0FFE788
:104E1000FFE7FFE71198006850E8030F20F4907057
:104E20000390FFE703991198026842E803100028F5
:104E3000F0D1FFE7FFE7FFE7FFE71198006850E8D0
:104E4000050F20F001000290FFE702991198026817
:104E500042E805100028F0D1FFE7FFE71199202074
:104E600081F84200119900200863FFE7FFE71198DD
:104E7000006850E8030F20F010000190FFE701994F
:104E80001198026842E803100028F0D1FFE7FFE71D
:104E90001199022048631198BDF81210FFF7A0FD88
:104EA000FFE71FE09DF84000000600280AD5FFE755
:104EB0009DF83C000006002804D5FFE7119803F098
:104EC0001BFE0FE09DF84000400600280AD5FFE7D2
:104ED0009DF83C004006002804D5FFE7119803F038
:104EE000F1FBFFE712B080BD80B582B00090009862
:104EF00020B9FFE701208DF8070040E000988069A5
:104F000008B1FFE700E0FFE7009890F8410040B9E2
:104F1000FFE70099002081F84000009800F034F885
:104F2000FFE70099242081F8410000980168C868D3
:104F300020F40050C860009803F0A8FC00980168B5
:104F4000086920F49040086100980168486920F0E1
:104F50002A00486100980168C86840F40050C860A1
:104F6000009900204864009A202182F84110009A9C
:104F700082F84210009948638DF80700FFE79DF81A
:104F8000070002B080BD000080B5A0B01F900020D7
:104F90001E901D901C901B901A901F98006847F659
:104FA0000001C4F20001884235D1FFE7FFE700208D
:104FB000199043F64000C4F20200016841F08041BC
:104FC0000160006800F0804019901998FFE7FFE742
:104FD0000020189043F63000C4F20200016841F04E
:104FE00010010160006800F0100018901898FFE7A9
:104FF0004FF4C0701A9002201B9000201C900320D8
:105000001D9008201E9041F20000C4F202001AA96F
:10501000FDF7FEFB46E21F98006841F20001C4F272
:105020000101884267D1FFE7FFE70020179043F6B0
:105030004400C4F20200016841F010010160006800
:1050400000F0100017901798FFE7FFE70020169078
:1050500043F63000C4F20200016841F00201016031
:10506000006800F0020016901698FFE7C0201A9022
:1050700002201B9000200E901C9003201D90072002
:105080001E9040F20040C4F202001AA9FDF7C0FBD6
:105090000E9940F27050C2F200000F9046F240426A
:1050A000C4F2020202604FF0006242608160C1609F
:1050B0004FF48062026141618161C16101624162BC
:1050C000FDF78CFA18B1FFE7FBF76CFFFFE7FFE78E
:1050D0001F9840F27051C2F20001C1631F988863AB
:1050E000FFE725200D9005210022FDF791FE0D9888
:1050F000FDF784FED5E11F98006844F20041C4F238
:105100000001884240F09280FFE7FFE70020159001
:1051100043F64000C4F20200016841F4003101602E
:10512000006800F4003015901598FFE7FFE70020B5
:10513000149043F63000C4F20200016841F0080107
:105140000160006800F0080014901498FFE76020E8
:105150001A9002201B9000200B901C9003201D90A1
:1051600007201E9040F60040C4F202001AA9FDF785
:105170004FFB0B9940F2D050C2F200000C9046F267
:105180008802C4F2020202604FF000624260816055
:10519000C1604FF48062026141618161C16101625D
:1051A0004162FDF71BFA18B1FFE7FBF7FBFEFFE7D3
:1051B000FFE71F9840F2D051C2F20001C1631F986F
:1051C0008863FFE740F23060C2F200000A9046F2C6
:1051D000A001C4F2020101604FF000614160402172
:1051E00081600021C1604FF4806202614161816190
:1051F000C16101624162FDF7F1F918B1FFE7FBF708
:10520000D1FEFFE7FFE71F9840F23061C2F20001D4
:1052100081631F988863FFE72620099005210022FB
:10522000FDF7F6FD0998FDF7E9FD39E11F980068E3
:1052300044F60001C4F20001884240F09380FFE789
:10524000FFE70020139043F64000C4F2020001681B
:1052500041F480210160006800F4802013901398CD
:10526000FFE7FFE70020129043F63000C4F202008F
:10527000016841F008010160006800F00800129028
:105280001298FFE74FF440701A9002201B90002004
:1052900007901C9003201D9007201E9040F60040B0
:1052A000C4F202001AA9FDF7B3FA079940F2906020
:1052B000C2F20000089046F22802C4F20202026024
:1052C0004FF0006242608160C1604FF48062026111
:1052D00041618161C16101624162FDF77FF918B1ED
:1052E000FFE7FBF75FFEFFE7FFE71F9840F29061E3
:1052F000C2F20001C1631F988863FFE740F2F060CB
:10530000C2F20000069046F25801C4F202010160A8
:105310004FF000614160402181600021C1604FF485
:105320008062026141618161C16101624162FDF798
:1053300055F918B1FFE7FBF735FEFFE7FFE71F98C8
:1053400040F2F061C2F2000181631F988863FFE7B9
:105350002720059005210022FDF75AFD0598FDF74D
:105360004DFD9CE01F98006841F20041C4F201012C
:10537000884240F09380FFE7FFE70020119043F65A
:105380004400C4F20200016841F02001016000689D
:1053900000F0200011901198FFE7FFE70020109027
:1053A00043F63000C4F20200016841F040010160A0
:1053B000006800F0400010901098FFE74FF4844020
:1053C0001A9002201B90002003901C9003201D9037
:1053D00008201E9041F60000C4F202001AA9FDF751
:1053E00017FA039940F25070C2F20000049046F29E
:1053F0002842C4F2020202604FF0206242608160E3
:10540000C1604FF48062026141618161C1610162EA
:105410004162FDF7E3F818B1FFE7FBF7C3FDFFE7D3
:10542000FFE71F9840F25071C2F20001C1631F985C
:105430008863FFE740F2B070C2F20000029046F2CB
:10544000A041C4F2020101604FF02061416040219F
:1054500081600021C1604FF480620261416181611D
:10546000C16101624162FDF7B9F818B1FFE7FBF7CE
:1054700099FDFFE7FFE71F9840F2B071C2F200010B
:1054800081631F988863FFE7472001900521002270
:10549000FDF7BEFC0198FDF7B1FCFFE7FFE7FFE772
:1054A000FFE7FFE720B080BD80B584B00290019196
:1054B000ADF80220029890F84200202817D1FFE7AB
:1054C000019820B1FFE7BDF8020020B9FFE70120F5
:1054D0008DF80F000FE002990020086302980199EF
:1054E000BDF8022003F070FA8DF80F0003E00220EF
:1054F0008DF80F00FFE79DF80F0004B080BD00009D
:1055000080B588B007900798006841F20001C4F2A6
:105510000101884227D1FFE740F6EC70C2F200009B
:1055200000780F2813D1FFE740F6EC70C2F20000BC
:10553000007E60B9FFE740F6EC71C2F2000106910F
:10554000084605F049FF069806F00AF8FFE740F61E
:10555000E800C2F2000040F6EC71C2F2000119222C
:10556000FFF7A2FFFFE70798006844F20041C4F28A
:105570000001884240F00681FFE745F25430C2F254
:1055800000000590017890F801C08378C2786144EA
:105590001944114402791144427911448279114429
:1055A000C2791144027A1144427A1144417300785D
:1055B000552840F0BA80FFE745F25430C2F20000AF
:1055C000817A407B884240F0AF80FFE745F254305B
:1055D000C2F20000407801460491522808D0FFE74B
:1055E0000498532833D0FFE7049859285ED099E0F7
:1055F00045F25430C2F2000003908278C17809026B
:1056000009B2114400EE101AB8EEC00A9FED611AFB
:1056100020EE010A80ED060A02794179090209B2F9
:10562000114400EE101AB8EEC00A20EE010A80ED17
:10563000070A8279C179090209B2114400EE101AF1
:10564000B8EEC00A20EE010A80ED080A6BE045F2D0
:105650005430C2F2000002908278C178090209B287
:10566000114400EE101AB8EEC00A9FED491A20EE60
:10567000010A80ED090A02794179090209B211444F
:1056800000EE101AB8EEC00A20EE010A80ED0A0AF8
:105690008279C179090209B2114400EE101AB8EEFC
:1056A000C00A20EE010A80ED0B0A3CE045F25430BE
:1056B000C2F2000001908278C178090209B2114457
:1056C00000EE101AB8EEC00A9FED301A20EE010A63
:1056D00080ED0C0A02794179090209B2114400EE09
:1056E000101AB8EEC00A20EE010A80ED0D0A827988
:1056F000C179090209B2114400EE101AB8EEC00ACD
:1057000020EE010A80ED0E0A027A417A090209B2FE
:10571000114400EE101AB8EEC00A20EE010A80ED26
:105720000F0A00E0FFE7FFE7FFE745F2A840C2F2FB
:105730000000007888B9FFE745F25430C2F200005B
:10574000C06A40F27C11C2F20001086045F2A84133
:10575000C2F2000101200870FFE740F63010C2F2EB
:10576000000045F25431C2F200010B22FFF79CFE0B
:1057700040F2D050C2F200000168086820F0080032
:10578000086000E0FFE708B080BD00BF00000038FF
:105790000000B43B00007A3D81B0009001B070473A
:1057A00080B58AB008900791ADF81A2005930020C3
:1057B0000290089890F84100202840F08180FFE78F
:1057C000079820B1FFE7BDF81A0020B9FFE70120D4
:1057D0008DF8270078E00899002048640899212076
:1057E00081F84100FDF738FA0290BDF81A000899D7
:1057F0008884BDF81A000899C88408988068B0F5B4
:10580000805F09D1FFE70898006928B9FFE7002009
:1058100004900798039004E00798049000200390F8
:10582000FFE7FFE70898C08C78B3FFE70898029B72
:1058300005996A4611608021002203F0A7F940B162
:10584000FFE70899202081F8410003208DF8270008
:105850003AE0049858B9FFE7039800886FF35F2097
:1058600008990968486003980230039008E004989A
:105870000078089909684860049801300490FFE7AF
:105880000899C88C0138C884CCE70898029B059910
:105890006A4611604021002203F078F940B1FFE729
:1058A0000899202081F8410003208DF827000BE0A3
:1058B0000899202081F8410000208DF8270003E09E
:1058C00002208DF82700FFE79DF827000AB080BD71
:1058D00080B586B004900391ADF80A20049890F842
:1058E000410020286AD1FFE7039820B1FFE7BDF807
:1058F0000A0020B9FFE701208DF8170062E0039845
:1059000004990862BDF80A0004998884BDF80A0069
:105910000499C884049900204864049A212182F8DB
:10592000411004998A6B48F29D51C0F60001D16381
:1059300004998A6B48F21961C0F600011164049958
:105940008A6B48F2F931C0F60001D1640499896B81
:10595000086503A8019004980268806B01990968A2
:105960000432BDF80A30FCF7F1FE58B1FFE70499A4
:10597000102048640499202081F8410001208DF80E
:1059800017001FE0049801686FF040000860FFE70F
:10599000FFE70498006850E8050F40F08000009091
:1059A000FFE700990498026842E805100028F0D14A
:1059B000FFE7FFE700208DF8170003E002208DF8D5
:1059C0001700FFE79DF8170006B080BD81B000907A
:1059D00001B0704781B0009001B07047FFE7FEE76B
:1059E00085B004908DED030ACDED020A8DED011A0C
:1059F000CDED001A04990020C860049A0021C4F279
:105A0000D01111600399049A51600299049A91602F
:105A10000199049A1161049981F82F00049A0021D8
:105A2000C4F24001D161049991ED041AB7EE000A65
:105A300080EE010A81ED090A049988620099049AAE
:105A40001162049A032182F82D10049A82F82E1014
:105A50000499486104998861049981F82C0004999B
:105A600081F8300005B0704784B0DDF810C00390B5
:105A70000291019200930398007A20B9FFE70298FF
:105A8000039948601DE00398007A012804D1FFE7DC
:105A900001980399486013E00398007A022804D122
:105AA000FFE700980399486009E00398007A03280B
:105AB00004D1FFE7049803994860FFE7FFE7FFE799
:105AC000FFE704B07047000083B001908DF8031029
:105AD000019890F86E0020B9FFE700208DF80B00C8
:105AE0001BE09DF80300012805D0FFE79DF80300A7
:105AF000022804D1FFE703208DF80B000DE0019888
:105B000090F86E00012804D1FFE701208DF80B000A
:105B100003E002208DF80B00FFE79DF80B0003B0B7
:105B20007047000082B00190009100980199486090
:105B3000019900200872019948720199086002B029
:105B40007047000080B586B0DDF828C0DDF824C0BD
:105B5000DDF820C0059004918DF80F200293049881
:105B60009DF80F10FFF7B0FF059908720599087AA4
:105B7000497A88420FD0FFE705980299089A099B55
:105B8000DDF828C0EE46CEF800C0FFF76DFF05999E
:105B9000002008601AE005990868496888420FD318
:105BA000FFE705980299089A099BDDF828C0EE46A0
:105BB000CEF800C0FFF758FF05990020086004E008
:105BC0000599086801300860FFE7FFE70599087A42
:105BD000487206B080BD000080B582B0019000918F
:105BE0000198007A022816D1FFE7FDF735F800EE9C
:105BF000100AB8EE400A9FED0B1A80EE010A08F079
:105C00004FF9B2EE0E1A20EE010A30EE010A0098AA
:105C100080ED070A03E000990020C861FFE702B0A9
:105C200080BD00BF0000964384B0039002918DEDCB
:105C3000010A0398007A022805D1FFE79DED010AC9
:105C40008DED000A04E09FED060A8DED000AFFE7E6
:105C50009DED000A029880ED050A04B0704700BF70
:105C60000000000082B001908DED000A01980078DC
:105C7000C00738B9FFE700980199C8600199012071
:105C8000087013E001989DED002A90ED010A90ED57
:105C9000033AB7EE001A31EE401A21EE031A20EE55
:105CA000020A30EE010A80ED030AFFE7019890ED49
:105CB000030A02B07047000082B001908DED000A27
:105CC0000199002008700099019A5160019988603B
:105CD0000199C860012002B07047000080B582B011
:105CE00040F22050C2F20000019046F20041C4F29E
:105CF000000101600921416000218160C1604FF411
:105D0000803202614FF480124261017641768176E1
:105D10000122C27601774177FBF728FF18B1FFE730
:105D2000FBF740F9FFE702B080BD000080B582B00C
:105D300040F24850C2F20000009046F60001C4F262
:105D40000001016009214160002101918160C16071
:105D50004FF4803202614FF4801242610176417645
:105D60008176C17601774177FBF700FF18B1FFE735
:105D7000FBF718F9FFE702B080BD000080B58CB0DA
:105D8000FFE700200B9043F63000C4F202000168E8
:105D900041F400110160006800F400100B900B98B2
:105DA000FFE7FFE700200A9043F63000C4F202004C
:105DB000016841F480010160006800F480000A90ED
:105DC0000A98FFE70C200190052107910022089214
:105DD000FDF71EF80198FDF711F80799089A0E20B3
:105DE0000290FDF715F80298FDF708F80799089A50
:105DF00010200390FDF70CF80398FCF7FFFF0799BC
:105E0000089A11200490FDF703F80498FCF7F6FFB8
:105E10000799089A39200590FCF7FAFF0598FCF7D6
:105E2000EDFF0799089A3A200690FCF7F1FF0698D3
:105E3000FCF7E4FF0799089A45200990FCF7E8FF72
:105E40000998FCF7DBFF0CB080BD000080B582B084
:105E500049F2D150C0F6000040F26812C0F60102CB
:105E60000021019104F03CF9019940F21052C2F274
:105E70000002106047F67510C0F600004EF6205282
:105E8000C0F6000204F02CF940F24401C2F2000115
:105E9000086046F26921C0F600014EF64452C0F691
:105EA0000002084604F01CF9019940F28412C2F283
:105EB0000002106049F2D540C0F6000040F28C129A
:105EC000C0F6010204F00CF941F26C01C2F20001CB
:105ED000086002B080BD000080B592B00020119033
:105EE00010900F900E900D90FFE700200C9043F65D
:105EF0003000C4F20200016841F040010160006816
:105F000000F040000C900C98FFE7FFE700200B909A
:105F100043F63000C4F20200016841F00101016063
:105F2000006800F001000B900B98FFE7FFE70020EE
:105F30000A9043F63000C4F20200016841F0020109
:105F40000160006800F002000A900A98FFE7FFE78E
:105F50000020099043F63000C4F20200016841F0CD
:105F600008010160006800F0080009900998FFE747
:105F7000FFE70020089043F63000C4F202000168F9
:105F800041F080010160006800F0800008900898EE
:105F9000FFE7FFE70020079043F63000C4F202005D
:105FA000016841F010010160006800F010000790E6
:105FB0000798FFE741F60000C4F20200019042F2A8
:105FC000FE11009100220492FCF72EFE049A41F685
:105FD0000040C4F2020005903C210291FCF724FE2F
:105FE000009A019804990D92012203920E920F914A
:105FF00010910DA90691FCF70BFCDDF808C0039B7E
:10600000049A05980699CDF834C00E930F92109219
:10601000FCF7FEFB12B080BD80B588B00021009176
:10602000079106910591049103910291019140F627
:106030005800C2F2000041F60002C4F20002026001
:106040004160816040F28332C26001618161FEF78C
:106050006DF918B1FFE7FAF7A5FFFFE7602001909F
:10606000002202920392059240F65800C2F200000C
:1060700001A9FEF7B9F818B1FFE7FAF793FFFFE7B8
:1060800040F65800C2F20000FEF774F808B080BD78
:1060900080B588B000210091079106910591049187
:1060A0000391029140F61000C2F20000019000221C
:1060B000C4F201020260B3224260816042F20F72B8
:1060C000C260016141618161FDF718FD18B1FFE710
:1060D000FAF768FFFFE74FF48050049040F6100095
:1060E000C2F2000004A9FDF771FE18B1FFE7FAF74C
:1060F00059FFFFE700200290039040F61000C2F223
:10610000000002A9FDF768FC18B1FFE7FAF74AFFA3
:10611000FFE708B080BD000080B582B040F60820DF
:10612000C2F20000019047F60001C4F200010160D4
:106130004FF4E131416000218160C16001610C22B6
:1061400042618161C161FEF7CFFE18B1FFE7FAF746
:1061500029FFFFE702B080BD80B582B040F6E800BD
:10616000C2F20000019041F20001C4F2010101609D
:1061700048F2A061C0F2010141604FF4805181609A
:106180004FF40051C1604FF4806101610C21416105
:1061900000218161C161FEF7A7FE18B1FFE7FAF7A0
:1061A00001FFFFE702B080BD80B582B040F630103D
:1061B000C2F20000019044F20041C4F2000101600B
:1061C0004FF46121416000218160C16001610C22B6
:1061D00042618161C161FEF787FE18B1FFE7FAF7FE
:1061E000E1FEFFE702B080BD80B582B040F67810D6
:1061F000C2F20000019044F60001C4F20001016007
:106200004FF46121416000218160C16001610C2275
:1062100042618161C161FEF767FE18B1FFE7FAF7DD
:10622000C1FEFFE702B080BD80B582B040F6C0106D
:10623000C2F20000019041F20041C4F2010101608C
:106240004FF4E131416000218160C16001610C22A5
:1062500042618161C161FEF747FE18B1FFE7FAF7BD
:10626000A1FEFFE702B080BD80B596B0159000207A
:10627000149040F26840C2F200001421FFF752FC73
:1062800040F27C40C2F20000B3EE050AF2EE040ACE
:10629000DFEDDD1AB0EE611AFFF7A2FB40F220003D
:1062A000C2F20000119003F001F940F6EC70C2F266
:1062B00000001290DFEDD50A9FEDD51AF0EE081A16
:1062C000B0EE600AFAF7A8FE119803F0EFF840F27A
:1062D0000050C2F200000421FAF74AFC129940F281
:1062E000D050C2F200000268106820F00800106070
:1062F00040F29060C2F200000268106820F00800CE
:10630000106040F6E800C2F200001922FFF7CCF856
:1063100040F63010C2F2000045F25431C2F20001E2
:106320000B22FFF7C1F840F28810C2F2000000F51E
:106330009C7140F67810C2F200004FF48072FEF7B4
:10634000F3FAFFE740F2E840C2F20000B0F90010B3
:1063500000EE101AB8EEC00A9FEDAE1A20EE010A48
:1063600040F27441C2F200010C9181ED000AB0F9D3
:10637000021000EE101AB8EEC00A20EE010A40F238
:106380007841C2F200010D9181ED000AB0F90400DC
:1063900000EE100AB8EEC00A20EE010A40F2C0304A
:1063A000C2F200000E9080ED000A40F27810C2F2B6
:1063B0000000B0F9000000EE100AB8EEC00A9FED30
:1063C000961A20EE010A9FED951A80EE010A40F21E
:1063D0001850C2F2000080ED000A40F24800C2F2FC
:1063E0000000026840F25801C2F200010F910A60F9
:1063F00042684A608068886040F28810C2F20000FB
:10640000109040F20051C2F20001192200F0A0FEEB
:10641000DDF830C00D9A0E990F9B10989CED000A84
:10642000D2ED000A91ED001A41F27001C2F20001B2
:1064300049780439B1FA81F1490990F80121DFED79
:10644000783AF0EE631AB0EE632AF0EE632AB0EE0B
:10645000633A01F06FF9012810D1FFE740F288108C
:10646000C2F2000040F20051C2F2000140F6781280
:10647000C2F20002002300F03DFDFFE740F6EC70A1
:10648000C2F2000090F86E00022807D0FFE740F249
:106490002000C2F2000002F0F3FF37E040F2881063
:1064A000C2F2000090ED4A0AD0ED4B0A90ED4C1A72
:1064B00040F22000C2F200000B9005F007F80B99A3
:1064C00040F26840C2F200000A909FED560AFFF7C2
:1064D000ABFB0A980B99FFF77FFB0A990B9891F891
:1064E00008C00FF29442131DBCF1030F08BF1A46F7
:1064F00012680260097AB2EE081A9FED490A032970
:1065000008BFB0EE410A80ED010AFFE740F6EC70EB
:10651000C2F2000090F86C100020099059B1FFE71A
:1065200040F27C40C2F2000090F82F00B0FA80F0F8
:1065300040090990FFE70998C0079FED3B1A9FEDBE
:10654000380A002818BFB0EE410A40F24C40C2F2AF
:10655000000080ED000A40F6EC70C2F2000090F8F6
:106560006C00E8B1FFE740F6EC70C2F2000090F872
:106570006D00A8B1FFE740F27C40C2F2000090F845
:106580002F0068B9FFE740F6EC70C2F2000090ED12
:106590001D0AB3EE021A20EE010A8DED080A04E08E
:1065A0009FED1F0A8DED080AFFE79DED080A40F2F6
:1065B0004C42C2F2000282ED010A40F6EC70C2F2D7
:1065C000000090ED170A9FEDEE1A20EE010A82ED11
:1065D000060A416E516190F86F00012826D1FFE74D
:1065E00040F6EC70C2F2000090ED1D0A9FEDE51A36
:1065F00020EE010A80ED150A40F24C40C2F2000084
:1066000080ED040A1EE000BF00007A44CDCCCC3FF0
:1066100017B7D1386F12833A0000B4430000004628
:10662000000000009A99993E0000FA4340F6EC7190
:10663000C2F200010020486540F24C41C2F2000164
:106640000861FFE740F6EC71C2F200014A6C40F2CB
:106650004C40C2F2000007908260096DC16040F2B8
:106660002001C2F20001069191ED022A91ED030A88
:1066700090ED023A90ED031A72EE030A30EE011A21
:106680009FEDBA0ADFEDBB1A01F05EFA0699079892
:106690008DED130A91ED040A90ED041A30EE010A13
:1066A0009DED132AB7EE001A31EE421A20EE010AD0
:1066B00040F6D070C2F2000080ED040A90ED040AAA
:1066C000B5EE400AF1EE10FA15D0FFE740F22000D7
:1066D000C2F2000090ED020A40F24C40C2F200000B
:1066E00090ED021A30EE010A9DED131A20EE010A18
:1066F0008DED050A10E040F22000C2F2000090ED9E
:10670000020A40F24C40C2F2000090ED021A30EE54
:10671000010A8DED050AFFE79DED050A40F6D070F0
:10672000C2F2000080ED020A90ED040AB5EE400AC4
:10673000F1EE10FA15D0FFE740F22000C2F200009F
:1067400090ED030A40F24C40C2F2000090ED031AB3
:1067500030EE010A9DED131A20EE010A8DED040AB8
:1067600010E040F22000C2F2000090ED030A40F277
:106770004C40C2F2000090ED031A30EE010A8DED9C
:10678000040AFFE79DED040A40F6D070C2F2000053
:1067900080ED030A40F22001C2F2000191ED010AEE
:1067A00040F24C41C2F2000191ED011A30EE010AB3
:1067B00080ED010A41F27000C2F200008088A12839
:1067C00005DBFFE79FED6A0A8DED030A08E040F65E
:1067D000D070C2F2000090ED010A8DED030AFFE7D0
:1067E0009DED030A40F6D070C2F2000080ED010A70
:1067F00040F22001C2F2000191ED000A40F24C414A
:10680000C2F2000191ED001A30EE010A80ED000A9B
:1068100040F26840C2F20000007A032819D0FFE776
:1068200040F22000C2F2000090ED070A40F24C4016
:10683000C2F2000090ED061A30EE010A9FED501AE8
:1068400030EE010A40F6D070C2F2000080ED060A78
:1068500010E040F28810C2F2000090ED490ADFED2E
:106860004A0AFAF75DFC40F6D070C2F2000080EDF3
:10687000060AFFE740F6D070C2F2000090ED060A6B
:106880009FED421AB4EE410AF1EE10FA05DDFFE782
:106890009FED3E0A8DED020A20E040F6D070C2F274
:1068A000000090ED060A9FED361AB4EE410AF1EEB3
:1068B00010FA05DAFFE79FED320A8DED010A08E0D4
:1068C00040F6D070C2F2000090ED060A8DED010A8C
:1068D000FFE79DED010A8DED020AFFE79DED020A3B
:1068E00040F6D070C2F2000080ED060A40F22001AE
:1068F000C2F2000191ED050A40F24C41C2F20001E2
:1069000091ED051A30EE010A80ED050A40F6E80027
:10691000C2F2000040F6EC71C2F200011922FEF74B
:10692000C3FD40F63010C2F2000045F25431C2F20D
:1069300000010B22FEF7B8FD40F28810C2F2000001
:1069400000F59C7140F67810C2F200004FF480729E
:10695000FDF7EAFF40F65021C2F20001087801304D
:106960000870012003F054FBECE400BFCDCCCC3F19
:10697000000000009A99993E000000000000FA43D0
:106980000000C8429A9919410000FA4200000243EF
:10699000FFE7FEE780B582B0019000910098017892
:1069A000407840EA01200199088000988178C078F9
:1069B00040EA01200199488000980179407940EA35
:1069C000012001998880009880790199C8800198F8
:1069D00002F07EFF02B080BD80B584B003908DEDE3
:1069E000020ACDED010A03989DED020A00F01AF9A2
:1069F000039800F07BF803989DED010A00F004F87D
:106A0000012004B080BD000086B005908DED040A21
:106A1000049805990863059890ED0C1A90ED0D0AFD
:106A200030EE410A8DED030A059890ED031AB0EEA1
:106A3000080A21EE001A8DED021A059890ED031A4E
:106A400021EE000A20EE010A8DED010A059890ED75
:106A5000031A21EE010A20EE010A8DED000A0598C5
:106A600090ED021A90ED0D0A90ED0E2A9DED023A7E
:106A70009DED034A23EE043A32EE432A21EE021A38
:106A800030EE010A80ED0D0A059890ED0F0A9DED9C
:106A9000011A9DED032A21EE021A30EE413A90EDE3
:106AA000002A90ED021A90ED0B4A90ED0E0A22EEAC
:106AB000042A32EE032A21EE021A30EE010A80ED9A
:106AC0000E0A05989DED000A9DED031A20EE012A9D
:106AD00090ED021A90ED0F0A21EE021A30EE410AF3
:106AE00080ED0F0A012006B07047000080B58AB023
:106AF0000990099890ED080A90ED0D1A30EE410AC0
:106B00008DED080A099890ED090A90ED0E1A30EE05
:106B1000410A8DED070A9DED080A9FED3E1AB4EE7D
:106B2000410AF1EE10FA09DDFFE79DED080A9FED3D
:106B30003C1A30EE010A8DED040A1CE09DED080AB6
:106B40009FED351AB4EE410AF1EE10FA09DAFFE7CB
:106B50009DED080A9FED311A30EE010A8DED030A12
:106B600004E09DED080A8DED030AFFE79DED030AA1
:106B70008DED040AFFE79DED040A8DED080A0998E2
:106B800090ED040A20EE000A8DED050A099890EDBB
:106B9000040A30EE000A8DED060A9DED050A8DED22
:106BA000020A9DED080A0998D0ED050A90ED061A33
:106BB00002F032FF8DED010A9DED060A8DED000A0F
:106BC0009DED070A0998D0ED050A90ED061A02F02E
:106BD00023FF9DED001A9DED012AB0EE403A9DED98
:106BE000020A21EE031A20EE020A30EE010A099889
:106BF00080ED0A0A099890ED001A90ED0A0A90EDCE
:106C00000F2A30EE420A80EE010A80ED0B0A0120C5
:106C10000AB080BD00003443000034C30000B44318
:106C20000000B4C380B584B003908DED020A0298D1
:106C30000399C861039890ED020A90ED081A90ED4F
:106C4000092A20EE020A30EE010A80ED080A0398B4
:106C500090ED011AD0ED021ACDED011A90ED072A40
:106C600090ED080A30EE420AD0ED090A02F0A4FFC6
:106C7000B0EE402A9DED010A039890ED091A20EE2E
:106C8000020A30EE010A80ED090A012004B080BD3D
:106C900088B007908DED060ACDED050A8DED041A3A
:106CA000CDED031A8DED022ACDED012A8DED003ACE
:106CB000069807990860059807994860049807990D
:106CC000886003980799C86002980799086101983D
:106CD0000799486100980799886107990020C86161
:106CE0000799086207994862079988620799C862FC
:106CF0000799086307994863079988630799C863E8
:106D0000012008B070470000FFE7FEE780B58EB0B5
:106D10000D908DED0C0ACDED0B0A8DED0A1A0C9835
:106D20000D99C8629DED0C0ADDED0B0A03F086FAA1
:106D30000D9880ED0E0A0D98FAF728F90D9880ED60
:106D40000D0A0D9890ED0D0ADDED0A0A04F020FE03
:106D50000D9880ED0F0A0D99C86A08630D9890EDA3
:106D6000021A90ED0E0A90ED0F2A8DED012ABFEE6A
:106D7000003A8DED063AB7EE002A8DED052AB5EE04
:106D8000400AF1EE10FAB8BFB0EE432A21EE021A23
:106D90008DED021A02F0CCFE0D9890ED041A90EDE4
:106DA000052AC1EE020A02F0D1FE9DED011A9DED09
:106DB000052A9DED063AB0EE404A9DED020A20EE0E
:106DC000040A30EE010A8DED030A0D9890ED031AC6
:106DD00090ED0E0AB5EE400AF1EE10FAB8BFB0EE33
:106DE000432A21EE021A8DED041A02F0A1FE0D983D
:106DF00090ED061A90ED072AC1EE020A02F0A6FEF7
:106E00009DED031A9DED052A9DED063AB0EE404A30
:106E10009DED040A20EE040A30EE010A0D9880ED83
:106E2000100A0D9890ED021A90ED044A90ED055A63
:106E300090ED0E0A84EE054A21EE041AB5EE400AE2
:106E4000F1EE10FAB8BFB0EE432A21EE021A8DED32
:106E5000091A02F06DFE9DED062A0D9890ED041AB8
:106E600090ED053A81EE031A71EE020A02F06EFE11
:106E70009DED052A9DED063A8DED080A0D9890EDE1
:106E8000031A90ED064A90ED075A90ED0E0A84EE33
:106E9000054A21EE041AB5EE400AF1EE10FAB8BF29
:106EA000B0EE432A21EE021A8DED071A02F040FEE1
:106EB0009DED062A0D9890ED061A90ED073A81EEA9
:106EC000031A71EE020A02F041FE9DED071A9DEDD4
:106ED000082AB0EE403A9DED090A21EE031A20EE91
:106EE000020A30EE010A0D9880ED0A0A01200EB068
:106EF00080BD000080B588B00690059104928DF8A1
:106F00000F300020ADF80C00ADF80A0006994720BC
:106F100081F833000699442081F834009DF80F0071
:106F2000069981F83500069991F8330008700699A2
:106F300091F834004870069991F8350088700699E8
:106F4000886BC8700699886B000A08710699488F8B
:106F50004871069991F83B0088710699C86BC87111
:106F60000699C86B000A08720699C88F487206997C
:106F700091F83F0088720699086CC8720699086CEF
:106F8000000A08730699B1F842004873069991F80F
:106F9000430088730699486CC8730699486C000AC8
:106FA00008740699B1F846004874069991F84700AC
:106FB00088740699886CC8740699886C000A0875EC
:106FC0000699B1F84A004875069991F84B00887502
:106FD0000699C86CC8750699C86C000A08760699A7
:106FE000B1F84E004876069991F84F0088760699D8
:106FF000086DC8760699086D000A08770699B1F8F9
:1070000052004877069991F8530088770699486DA1
:10701000C8770699486D000A81F820000699B1F8F2
:10702000560081F82100069991F8570081F8220056
:10703000069991F8580081F82300069991F85900B3
:1070400081F824000699C86D81F825000699C86D5D
:10705000000A81F826000699B1F85E0081F8270041
:10706000069991F85F0081F828000699086E81F86A
:1070700029000699086E000A81F82A000699B1F8DD
:10708000620081F82B00069991F8630081F82C00CA
:107090000699486E000A81F82D000699B1F866003D
:1070A00081F82E00069991F8670081F82F00069963
:1070B00091F8670081F830000698059A3321F9F7B6
:1070C00073FC0190019820B9FFE700208DF81F00A4
:1070D00039E00698059A3121FAF762F8ADF80A000E
:1070E0000598007803280AD0FFE7069991F8310047
:1070F00091F8321040EA0120ADF80C0009E0069842
:1071000090F8311090F8320040EA0120ADF80C0000
:10711000FFE7BDF80A00BDF80C10884204D0FFE775
:1071200000208DF81F000EE0049806993322FEF728
:10713000CFFB20B1FFE700208DF81F0003E0012006
:107140008DF81F00FFE79DF81F0008B080BD00000C
:1071500080B58AB0089007918DF81B200898E83018
:107160009DF81B10079A01F0A1FD01280BD0FFE745
:10717000089800F59C704FF48071F9F77DF80020B5
:107180008DF827008EE0089991F8EA0081F8010156
:107190000899D1F8EB00C1F804010899D1F8EF0083
:1071A000C1F808010899D1F8F300C1F80C01089959
:1071B000D1F8F700C1F810010899D1F8FB00C1F827
:1071C0001401089800F59C704FF48071F9F754F899
:1071D0000898D0F804019FED350A8DED010ADFED26
:1071E000340ACDED050A2021039104F0DFFB039959
:1071F000DDED050AB0EE401A9DED010A089880ED1C
:10720000461A0898D0F8080104F0D0FB03990898B2
:1072100080ED470A0898D0F80C01BFEE000A8DED0A
:10722000040AF7EE000ACDED020A04F0BFFBDDED23
:10723000020A0399B0EE401A9DED040A089880ED09
:107240004A1A0898D0F8100104F0B0FBDDED020AEC
:107250000399B0EE401A9DED040A089880ED4B1A90
:107260000898D0F8140104F0A1FB9DED051A0898C8
:1072700080ED4C0A089890ED460A9FED0E2A20EE0C
:10728000020A80EE010A80ED480A089890ED470A4C
:1072900020EE020A80EE010A80ED490A01208DF8F5
:1072A0002700FFE79DF827000AB080BDDB0F49C02B
:1072B000DB0F49400000344388B0079006910592E7
:1072C000079800F0070004900498C0F10700052813
:1072D00003D3FFE70420019004E00498C0F1070005
:1072E0000190FFE70198039004980430062803D822
:1072F000FFE70020009003E0049803380090FFE7C8
:107300000098029006980399012202FA01F10139CE
:107310000840029B984005999A40013A1140084361
:1073200008B0704780B584B003908DED020ACDEDB2
:10733000010A02980399086101980399486103982A
:1073400090ED040A90ED051A30EE410A80ED090A2D
:10735000039890ED060A90ED091A20EE010A80EDDF
:10736000000A039890ED070A90ED091A20EE010A31
:1073700080ED010A039890ED010AD0ED0C0A01F0AE
:10738000A3FF039890ED080A90ED091A90ED0A2AE0
:1073900031EE421A20EE010A80ED020A039901F152
:1073A000380091ED020AFEF75DFC039880ED020AB9
:1073B000039890ED000A90ED012A90ED021A30EE4C
:1073C000020A30EE010A80ED030A039890ED030AE9
:1073D000D0ED0D0A01F078FF039880ED030A0399C0
:1073E000886AC8620399486A8862039890ED030A24
:1073F00004B080BD80B588B007908DED060ACDED54
:10740000050A8DED041ACDED031A8DED022ACDED9E
:10741000012A04980799086205980799C861069897
:10742000079988610298079908630198079948634A
:10743000079838309DED030AFEF73EFC07990020BF
:10744000086107994861079908600799486007999A
:10745000886007994862079988620799C862012085
:1074600008B080BD80B588B0ADF81C004FF4FF7047
:107470000190002003900490022005909DF81D00CB
:107480008DF80200BDF81C008DF8030040F2485052
:10749000C2F2000001A90DF102020123F9F7E2FE98
:1074A00020B1FFE700208DF81F0003E001208DF8D8
:1074B0001F00FFE79DF81F0008B080BD000000001E
:1074C000EFF30980BFF36F8F154B1A681EF0100F92
:1074D00008BF20ED108A20E9F04F10602DE9090067
:1074E0004FF0500080F31188BFF34F8FBFF36F8FC1
:1074F00004F0ACFE4FF0000080F31188BDE80900F5
:1075000019680868B0E8F04F1EF0100F08BFB0EC23
:10751000108A80F30988BFF36F8F704700BF00BFE8
:10752000500B002080B540F22C40C2F20000407E9B
:10753000012832D1FFE740F22C40C2F2000090ED6A
:10754000040A9FED7B1AB4EE410AF1EE10FA07DA55
:10755000FFE740F22C41C2F20001002048761BE018
:1075600040F65420C2F200000068C9280CD3FFE79F
:1075700040F22C41C2F200010020487640F654212E
:10758000C2F20001086006E040F22C41C2F20001A4
:1075900001204876FFE7FFE746E040F22C40C2F2C8
:1075A0000000407E00283ED1FFE740F22C40C2F2AE
:1075B000000090ED040AB3EE0B1AB4EE410AF1EEAE
:1075C00010FA0DDDFFE740F22C41C2F2000102206B
:1075D000487640F65221C2F200010020088021E0E6
:1075E00040F65420C2F200000068C92812D3FFE719
:1075F00040F22C41C2F200010220487640F65221AE
:10760000C2F200010020088040F65421C2F20001BD
:10761000086006E040F22C41C2F2000100204876EA
:10762000FFE7FFE7FFE7FFE740F22C40C2F2000070
:10763000407E01281ED1FFE740F6D070C2F2000064
:1076400090ED010AB1EE400A40F22C40C2F2000077
:10765000D0ED030A40F2E430C2F20000FFF762FE10
:10766000BDEEC00A10EE100A40F65221C2F200012F
:1076700008805AE040F22C40C2F20000407E002810
:107680004BD1FFE740F65820C2F2000000685928AD
:107690001CD8FFE740F20C00C2F2000090ED000A97
:1076A00040F22C40C2F20000D0ED030A40F2E43078
:1076B000C2F20000FFF736FEBDEEC00A10EE100A5F
:1076C00040F65221C2F20001088025E040F6582120
:1076D000C2F200010020086040F22C40C2F200001B
:1076E0000121417640F6D071C2F2000191ED010A0C
:1076F000B1EE400AD0ED030A40F2E430C2F20000DD
:10770000FFF710FEBDEEC00A10EE100A40F652213F
:10771000C2F200010880FFE706E040F65221C2F203
:10772000000100200880FFE7FFE7012080BD00BFC7
:10773000CDCC44C18BB00A908DED090ACDED080A7D
:107740008DED071ACDED061A8DED052ACDED042A33
:107750008DED033ACDED023A8DF807108DF8062035
:10776000009309980A99886308980A99C86307984A
:107770000A99086406980A99486405980A998864E1
:1077800004980A99C86403980A99086502980A99A6
:1077900048659DF807000A9981F858009DF8060091
:1077A0000A9981F85900009800680A99C8650098FC
:1077B00040680A990866009880680A99486601201E
:1077C0000BB0704780B58AB009908DF823109DF8F2
:1077D0002300AA287AD1FFE7099890ED002A8DEDC1
:1077E000052A90ED010A90ED083A90ED0A1A80EE14
:1077F000030A8DED070A90ED0F0A20EE411A90ED75
:10780000100A22EE002A31EE421A8DED061A02F01D
:107810008FF98DED040A099890ED090A8DED030AA0
:1078200090ED100A02F0AAF99DED031AB0EE402A7D
:107830009DED040A61EE020A02F088F99DED052A29
:107840009DED061AB0EE403A9DED070A22EE032A9E
:1078500031EE421A20EE010A099880ED110A0998CA
:1078600090ED110A90ED121AB4EE410AF1EE10FA01
:1078700006DDFFE7099890ED120A8DED020A1FE080
:10788000099890ED110A90ED121AB1EE411AB4EE7A
:10789000410AF1EE10FA08DAFFE7099890ED120AB2
:1078A000B1EE400A8DED010A05E0099890ED110A4C
:1078B0008DED010AFFE79DED010A8DED020AFFE75C
:1078C0009DED020A099880ED110A00E0FFE7012012
:1078D0000AB080BD80B588B003AA00920A4600991C
:1078E000019202460198069281ED020AC1ED010A59
:1078F00081ED001A8DF80B00069891ED020AD1ED8A
:10790000010A91ED001A9DF80B1000F0F7F80698A7
:107910009DF80B10FFF756FF012804D0FFE7002069
:107920008DF81F0003E001208DF81F00FFE79DF890
:107930001F0008B080BD0000000000000000000033
:10794000074B19680868B0E8F04F80F30988BFF367
:107950006F8F4FF0000080F31188704700BF00BFA9
:10796000500B002080B56FF00400002101F01AFDDB
:1079700080BD000080B588B007906420069002A802
:107980000021C4F2400104F057F840F2F041C2F285
:1079900000010298039A049BDDF814C0C1F80CC0E2
:1079A0008B604A600860FFE7069848F21F51C5F2F5
:1079B000EB1150FB01F1481100EBD1700138014689
:1079C000019107284FD80199DFE801F0040D161F37
:1079D00028313A4341F60000C4F20200022100229D
:1079E000FBF722F949E041F60000C4F2020004214D
:1079F0000022FBF719F940E041F60000C4F2020052
:107A000008210022FBF710F937E041F60000C4F22C
:107A1000020010210022FBF707F92EE041F60000DA
:107A2000C4F2020020210022FBF7FEF825E041F617
:107A30000000C4F2020040210022FBF7F5F81CE030
:107A400041F60000C4F2020080210022FBF7ECF8AE
:107A500013E041F60000C4F202004FF480710022EE
:107A6000FBF7E2F809E041F60000C4F202004FF42F
:107A7000FF710122FBF7D8F8FFE706980530069062
:107A80000698B0F5617F03DDFFE700200690FFE771
:107A900040F28810C2F2000090F8011100EE101AB6
:107AA000B8EE400AD0ED480A90ED491AD0ED4A1AD6
:107AB00090ED4B2AD0ED4C2A40F27C40C2F20000FF
:107AC00090ED033A40F24800C2F20000D0ED003AD7
:107AD00090ED014A40F2B040C2F20000D0ED024AFF
:107AE00001F0C4F940F21451C2F2000108780130EB
:107AF0000870002002F08CFA56E7000080B586B0CE
:107B000002AA009202460098059280ED020AC0ED9A
:107B1000010A80ED001A8DF807109DF80700AA28C9
:107B20000BD1FFE70099059891ED020AD1ED010A0A
:107B300091ED001AFFF7EAF800E0FFE7012006B038
:107B400080BD00000000000080B58EB08DED0D0AF4
:107B5000CDED0C0A8DED0B1ACDED0A1A0C98F8F745
:107B60007DFD41EC100B9FED3C1B50EC111BC20F37
:107B7000059251EC100B62F3DF7141EC100B8DEDAF
:107B8000060B0B98F8F76AFD059A9DED061B41EC74
:107B9000100B51EC100B62F3DF7141EC100B51EC48
:107BA000110B53EC102BF8F7FAFC98B9FFE70C987F
:107BB000F8F754FD41EC100B9FED271B50EC111B07
:107BC000C20F51EC100B62F3DF7141EC100B8DED25
:107BD000020B12E00B98F8F741FD41EC100B9FED02
:107BE0001E1B50EC111BC20F51EC100B62F3DF7126
:107BF00041EC100B8DED020BFFE79DED020B51ECFC
:107C0000100BF8F73EFD08909DED080A9DED0D1A4A
:107C100080EE010A9DED0A1A30EE010A8DED090A87
:107C20009DED090A9FED0E1AB4EE410AF1EE10FA2D
:107C300005DDFFE79FED0A0A8DED010A04E09DEDE9
:107C4000090A8DED010AFFE79DED010A8DED090A94
:107C50009DED090A0EB080BD00000000000000008C
:107C60003333333F80B54EF21000CEF2000000688F
:107C700005F0C8F8012803D0FFE704F0F7FBFFE7A1
:107C800080BD000080B594B008A83021F8F7F4FA60
:107C9000002007900690059004900390FFE70020D5
:107CA000029043F64000C4F20200016841F08051A6
:107CB0000160006800F0805002900298FFE7FFE743
:107CC0000020019047F20000C4F20000016841F476
:107CD00040410160006800F4404001900198FFE7D6
:107CE000012008904FF48030099002200E904FF44C
:107CF00080010F9106211091B4211191129004205E
:107D0000139008A8FBF700FB18B1FFE7F9F74AF951
:107D1000FFE7FBF79FF818B1FFE7F9F743F9FFE733
:107D20000F20039002200490002005904FF4A050F3
:107D300006904FF48050079003A80521FBF7EAF85E
:107D400018B1FFE7F9F72EF9FFE714B080BD000086
:107D50004EF68851CEF20001086840F470000860C9
:107D60007047000080B540F61000C2F20000FCF73A
:107D7000F3F880BD80B540F6A000C2F20000FCF729
:107D8000EBF880BD83B002900191029800680090EA
:107D900002980021C4F20101884225D0FFE7029831
:107DA000B0F1804F20D0FFE7029840F20041C4F2CA
:107DB0000001884218D0FFE7029840F60001C4F2A3
:107DC0000001884210D0FFE7029840F60041C4F25B
:107DD0000001884208D0FFE7029840F20041C4F257
:107DE000010188420AD1FFE7009820F0700000905E
:107DF00001984168009808430090FFE7029800212D
:107E0000C4F20101884255D0FFE70298B0F1804FDB
:107E100050D0FFE7029840F20041C4F200018842CE
:107E200048D0FFE7029840F60001C4F20001884202
:107E300040D0FFE7029840F60041C4F200018842BA
:107E400038D0FFE7029840F20041C4F201018842B5
:107E500030D0FFE7029844F20001C4F201018842E9
:107E600028D0FFE7029844F20041C4F201018842A1
:107E700020D0FFE7029844F60001C4F201018842D5
:107E800018D0FFE7029841F60001C4F200018842D1
:107E900010D0FFE7029841F60041C4F20001884289
:107EA00008D0FFE7029842F20001C4F200018842C4
:107EB0000AD1FFE7009820F4407000900198C16853
:107EC000009808430090FFE7009820F08000019997
:107ED000496908430090019880680299C862019836
:107EE00000680299886202980021C4F20101884268
:107EF00008D0FFE7029840F20041C4F20101884235
:107F000005D1FFE70198006902990863FFE702992C
:107F1000086840F004000860029901204861009858
:107F20000299086003B0704784B0039002910192F7
:107F3000029800F01F01012088400090009A0399E8
:107F4000086A904308620198029901F01F0100FA43
:107F500001F20399086A1043086204B070470000F8
:107F600085B0049003910292019304988068009078
:107F7000009820F47F40009003980299019A41EA0A
:107F800002210143009808430090009804998860FA
:107F900005B0704783B0029001910298806800900C
:107FA000009820F07000009001980099084340F07C
:107FB0000700009000980299886003B070470000A5
:107FC00085B0049003910498006A01900499086AAE
:107FD00020F00100086204984068009004988069CD
:107FE0000290029820F070000290029820F00300A6
:107FF000029003980168029808430290019820F0CB
:108000000200019003988168019808430190049848
:108010000021C4F20101884208D0FFE7049840F231
:108020000041C4F2010188420ED1FFE7019820F01F
:10803000080001900398C1680198084301900198D5
:1080400020F004000190FFE704980021C4F2010130
:10805000884208D0FFE7049840F20041C4F20101D1
:10806000884213D1FFE7009820F4807000900098B8
:1080700020F4007000900398416900980843009034
:1080800003988169009808430090FFE700980499DD
:10809000486002980499886103984068049948638D
:1080A00001980499086205B07047000085B00490FB
:1080B00003910498006A01900499086A20F0100066
:1080C00008620498406800900498806902900298C1
:1080D00020F4E0400290029820F44070029003984F
:1080E0000168029840EA01200290019820F02000E7
:1080F000019003988168019840EA0110019004986A
:108100000021C4F20101884208D0FFE7049840F240
:108110000041C4F2010188420FD1FFE7019820F02D
:10812000800001900398C168019840EA0110019015
:10813000019820F040000190FFE704980021C4F26C
:108140000101884208D0FFE7049840F20041C4F2E0
:108150000101884215D1FFE7009820F4806000906B
:10816000009820F40060009003984169009840EA6C
:108170008100009003988169009840EA8100009096
:10818000FFE7009804994860029804998861039871
:1081900040680499886301980499086205B07047A3
:1081A00085B0049003910498006A01900499086ACC
:1081B00020F4807008620498406800900498C069B8
:1081C0000290029820F070000290029820F00300C4
:1081D000029003980168029808430290019820F4E5
:1081E0000070019003988168019840EA0120019095
:1081F00004980021C4F20101884208D0FFE70498E6
:1082000040F20041C4F2010188420FD1FFE701981A
:1082100020F4006001900398C168019840EA0120B1
:108220000190019820F480600190FFE704980021FC
:10823000C4F20101884208D0FFE7049840F20041EF
:10824000C4F20101884215D1FFE7009820F4805064
:108250000090009820F40050009003984169009825
:1082600040EA0110009003988169009840EA0110EB
:108270000090FFE700980499486002980499C8614B
:10828000039840680499C86301980499086205B08E
:108290007047000085B0049003910498006A019033
:1082A0000499086A20F4805008620498406800909D
:1082B0000498C0690290029820F4E040029002986D
:1082C00020F44070029003980168029840EA01206F
:1082D0000290019820F40050019003988168019861
:1082E00040EA0130019004980021C4F20101884263
:1082F00008D0FFE7049840F20041C4F2010188422F
:108300000BD1FFE7009820F480400090039841696A
:10831000009840EA81100090FFE7009804994860B7
:1083200002980499C8610398406804990864019808
:108330000499086205B0704785B0049003910292D9
:108340000498006A00900499086A20F0010008620D
:10835000049880690190019820F0F0000190029942
:10836000019840EA01100190009820F00A00009066
:108370000399009808430090019804998861009837
:108380000499086205B0704785B004900391029289
:108390000498006A00900499086A20F010000862AE
:1083A000049880690190019820F47040019002992E
:1083B000019840EA01300190009820F0A000009060
:1083C0000399009840EA011000900198049988618F
:1083D00000980499086205B07047000080B582B02B
:1083E00001900198806B009000990020C88500984A
:1083F000FCF748FB02B080BD80B584B0039000203C
:1084000002900398806B0190019800684069C0B2A7
:10841000C0090290019890F8410021280AD1FFE795
:10842000029838B1FFE701990020C884019800F054
:108430005DF9FFE7019800684069C0F38010029081
:10844000019890F8420022280AD1FFE7029838B13B
:10845000FFE701990020C885019800F0E9F8FFE7DF
:108460000199486C40F0100048640198FCF70AFB41
:1084700004B080BD80B586B005900598806B0490EF
:10848000059800680068C00500285AD4FFE70499E1
:108490000020C885FFE7FFE70498006850E8030F55
:1084A00020F480700390FFE703990498026842E883
:1084B00003100028F0D1FFE7FFE7FFE7FFE704988C
:1084C000006850E8050F20F001000290FFE70299D4
:1084D0000498026842E805100028F0D1FFE7FFE7A2
:1084E000FFE7FFE70498006850E8050F20F0400020
:1084F0000190FFE701990498026842E805100028FE
:10850000F0D1FFE7FFE70499202081F842000498AA
:10851000006B012814D1FFE7FFE7FFE7049800682C
:1085200050E8030F20F010000090FFE70099049836
:10853000026842E803100028F0D1FFE7FFE7FFE7F9
:10854000FFE70499002048630498006B012805D1D7
:10855000FFE70498818DFCF743FA03E00498FCF7E9
:10856000CFFFFFE706B080BD80B582B001900198D3
:10857000806B00900099012048630098006B0128EF
:1085800006D1FFE70098818D4908FCF729FA03E03E
:108590000098FDF701F9FFE702B080BD80B584B017
:1085A00003900398806B0290039800680068C005F0
:1085B00000282AD4FFE702990020C884FFE7FFE7DC
:1085C0000298006850E8050F20F080000190FFE756
:1085D00001990298026842E805100028F0D1FFE7EF
:1085E000FFE7FFE7FFE70298006850E8030F40F05D
:1085F00040000090FFE700990298026842E80310EB
:108600000028F0D1FFE7FFE703E00298FDF7DEF96D
:10861000FFE704B080BD000080B582B001900198F2
:10862000806B00900098FDF7D5F902B080BD000086
:1086300084B00390FFE7FFE70398006850E8030F5A
:1086400020F490700290FFE702990398026842E8D4
:1086500003100028F0D1FFE7FFE7FFE7FFE70398EB
:10866000006850E8050F20F001000190FFE7019934
:108670000398026842E805100028F0D1FFE7FFE701
:108680000398006B012814D1FFE7FFE7FFE7039889
:10869000006850E8030F20F010000090FFE70099F9
:1086A0000398026842E803100028F0D1FFE7FFE7D3
:1086B000FFE70399202081F8420003990020086316
:1086C00004B0704780B582B0019001980168C86815
:1086D00020F04000C8600199202081F841000198F5
:1086E000FDF774F9002002B080BD000082B0019057
:1086F000FFE7FFE70198006850E8030F20F0C00093
:108700000090FFE700990198026842E803100028F2
:10871000F0D1FFE7FFE70199202081F8410002B086
:108720007047000080B586B004900020039002904E
:10873000049890F84200222840F0A080FFE70498B7
:108740008068B0F5805F13D1FFE70498006978B9BD
:10875000FFE70498806A02900498006840686FF30D
:108760005F20029908800499886A0230886223E0B9
:108770000498806A039004988068B0F5805F08D000
:10878000FFE70498806850B9FFE70498006930B9A2
:10879000FFE70498006840680399087007E00498B0
:1087A0000068406800F07F0003990870FFE70499B3
:1087B000886A01308862FFE70499C88D0138C8854E
:1087C0000004002856D1FFE704980168C86820F02B
:1087D0002000C86004980168C86820F48070C860F0
:1087E00004980168486920F001004861049920203C
:1087F00081F842000499002048630498006B012826
:1088000030D1FFE7049900200863FFE7FFE70498F1
:10881000006850E8030F20F010000190FFE7019975
:108820000498026842E803100028F0D1FFE7FFE750
:10883000049800680068C00600280ED5FFE7FFE72F
:108840000020009004980068006800900498006878
:10885000406800900098FFE7FFE70498818DFCF7DF
:10886000BFF803E00498FCF74BFEFFE700208DF80B
:10887000170007E000208DF8170003E002208DF8B4
:108880001700FFE79DF8170006B080BD80B586B0E1
:10889000059005980068006920F44050059A116819
:1088A000D26810430861059988680B694A69C969EB
:1088B000184310430843049005980068C06849F2C3
:1088C0000C6188430499084305990968C8600598B4
:1088D0000068406920F44070059A1168926910435D
:1088E00048610598006841F20001C4F20101884224
:1088F00009D0FFE70598006841F20041C4F2010188
:10890000884204D1FFE7FAF779FC039003E0FAF715
:1089100063FC0390FFE70598C069B0F5004F29D1CB
:10892000FFE703981921A0FB0101059A1368029340
:1089300053685A00DB0FF7F755FC0299864648F258
:108940001F53C5F2EB13AEFB0320420910014FF099
:10895000640C02FB1CEC322202EBCC02A2FB0332C1
:10896000F82303EA521300EB4300C2F3421210440F
:10897000886026E003981921A0FB0101059A13687D
:10898000019353689A009B0FF7F72CFC01998446DA
:1089900048F21F52C5F2EB12ACFB023043096420CF
:1089A00003FB10CC322000EB0C10A0FB0202F020E5
:1089B00000EA521000EB0310C2F343121044886027
:1089C000FFE706B080BD000080B58AB0089007912F
:1089D000ADF81A20079808998862BDF81A0008991E
:1089E0008885089900204864089A222182F842105C
:1089F0000899CA6B48F27541C0F60001D163089925
:108A0000CA6B48F26951C0F6000111640899CA6B3B
:108A100048F2F931C0F60001D1640899C96B0865C4
:108A200007A8059008980168C06B0431059A126880
:108A3000BDF81A30F9F78AFE58B1FFE708991020FF
:108A400048640899202081F8420001208DF8270011
:108A50004EE0FFE70020049008980068006804904A
:108A600008980068406804900498FFE70898006937
:108A7000A0B1FFE7FFE7FFE70898006850E8030FA1
:108A800040F480700390FFE703990898026842E879
:108A900003100028F0D1FFE7FFE7FFE7FFE7FFE75C
:108AA0000898006850E8050F40F001000290FFE7C9
:108AB00002990898026842E805100028F0D1FFE703
:108AC000FFE7FFE7FFE70898006850E8050F40F070
:108AD00040000190FFE701990898026842E80510FC
:108AE0000028F0D1FFE7FFE700208DF82700FFE71F
:108AF0009DF827000AB080BD83B00190019890F8DE
:108B0000410021283AD1FFE701988068B0F5805FE5
:108B100013D1FFE70198006978B9FFE70198006A6F
:108B20000090009800886FF35F2001990968486001
:108B30000199086A0230086208E0019A106A411C33
:108B400011620078019909684860FFE70199C88CB3
:108B50000138C884000468B9FFE701980168C86853
:108B600020F08000C86001980168C86840F04000AB
:108B7000C860FFE700208DF80B0003E002208DF8AD
:108B80000B00FFE79DF80B0003B0704780B586B07F
:108B9000DDF820C0049003918DF80B200193FFE7CE
:108BA00004980068006803990840401AB0FA80F001
:108BB00040099DF80B1088424DD1FFE7089801301D
:108BC000002847D0FFE7FAF747F80199401A0899BB
:108BD000884203D8FFE7089820B9FFE703208DF803
:108BE00017003CE004980068C0684007002830D5B2
:108BF000FFE7039880282CD0FFE70398402828D06F
:108C0000FFE704980068006800F008010120B0EB5D
:108C1000D10F1DD1FFE7FFE7002000900498006806
:108C20000068009004980068406800900098FFE792
:108C30000498FFF7FDFC049908204864FFE70499B5
:108C4000002081F84000FFE701208DF8170006E0C2
:108C5000FFE7FFE7A4E700208DF81700FFE79DF886
:108C6000170006B080BD000080B540F6E800C2F2F3
:108C70000000FBF70BFF80BD80B540F63010C2F25C
:108C80000000FBF703FF80BD80B540F67810C2F20C
:108C90000000FBF7FBFE80BD80B540F6C010C2F2BD
:108CA0000000FBF7F3FE80BDFFE7FEE780B588B06C
:108CB0000690059104920020ADF80E008DF80D008D
:108CC0008DF80C00069838B1FFE70598032803D308
:108CD000FFE7049818B9FFE700200790C2E0069864
:108CE00005990239049AF8F75BFAADF80E0004987A
:108CF0000078013801460191092800F29E8001990F
:108D0000DFE801F00514233241505F6E7D8C069937
:108D10000598084410F8020C8DF80D000699059886
:108D2000084410F8010C8DF80C0089E006990598AC
:108D3000084410F8020C8DF80D00069905980844B7
:108D400010F8010C8DF80C007AE00699059808449B
:108D500010F8020C8DF80C0006990598084410F8DC
:108D6000010C8DF80D006BE006990598084410F889
:108D7000020C8DF80D0006990598084410F8010CB6
:108D80008DF80C005CE006990598084410F8020C78
:108D90008DF80D0006990598084410F8010C8DF81F
:108DA0000C004DE006990598084410F8020C8DF867
:108DB0000D0006990598084410F8010C8DF80C0078
:108DC0003EE006990598084410F8020C8DF80D0055
:108DD00006990598084410F8010C8DF80C002FE056
:108DE00006990598084410F8020C8DF80D000699B4
:108DF0000598084410F8010C8DF80C0020E0069945
:108E00000598084410F8020C8DF80D000699059895
:108E1000084410F8010C8DF80C0011E00699059833
:108E2000084410F8020C8DF80D00069905980844C6
:108E300010F8010C8DF80C0002E00020079011E002
:108E40009DF80C109DF80D0040EA0120ADF80A00D5
:108E5000BDF80E00BDF80A10401AB0FA80F04009C3
:108E60000790FFE7079808B080BD000080B52DEDA2
:108E7000048BACB08DED2B0ACDED2A0A8DED291AAD
:108E8000CDED281A8DED272ACDED262A8DED253A38
:108E9000CDED243A8DED234ACDED224A2B98F7F7FC
:108EA000DDFB41EC100B8DED200B2A98F7F7D6FB7C
:108EB00041EC100B8DED1E0B2998F7F7CFFB41EC21
:108EC000100B8DED1C0B2898F7F7C8FB41EC100B2D
:108ED0008DED1A0B2798F7F7C1FB41EC100B8DEDC8
:108EE000180B2698F7F7BAFB41EC100B8DED160B1B
:108EF0002598F7F7B3FB41EC100B8DED140B24987C
:108F0000F7F7ACFB41EC100B8DED120B2398F7F744
:108F1000A5FB41EC180B2298F7F7A0FB9DED127B07
:108F20009DED146B9DED165B9DED184B9DED1A3B71
:108F30009DED1C2B9DED1E1B9DED200B41EC190B97
:108F4000684680ED109B80ED0E8B80ED0C7B80EDF4
:108F50000A6B80ED085B80ED064B80ED043B80EDF5
:108F6000022B80ED001B53EC102B40F2EF10C0F6EB
:108F7000010004F093FA2CB0BDEC048B80BD00001E
:108F800080B584B003908DED020ACDED010A0398FF
:108F90009DED020A00F0EEF8039981F82D00039888
:108FA0009DED010A00F036F9039981F82C00039831
:108FB00090F82D0001460091022805D3FFE70098A4
:108FC0000238022824D336E0039991F82D0091F855
:108FD0002E1088420AD0FFE7039890ED030AB7EEFF
:108FE000001A30EE010A80ED030A10E0039890F8B1
:108FF0002C0002280AD1FFE7039890ED030AB7EE90
:10900000001A30EE010A80ED030AFFE7FFE712E0E5
:10901000039991F82D0091F82E1088420AD0FFE7AD
:10902000039890ED030ABFEE001A30EE010A80EDBE
:10903000030AFFE7FFE7039800F010F8039981F8AF
:109040002F00039800F0D2F8039981F830000399BB
:1090500091F82D0081F82E0004B080BD82B0009000
:10906000009890ED001A90ED030AB4EE410AF1EE7B
:1090700010FA04DBFFE702208DF8070023E00098D8
:1090800090ED011A90ED030AB4EE410AF1EE10FAE8
:1090900004DBFFE701208DF8070014E0009890ED55
:1090A000021A90ED030AB4EE410AF1EE10FA06DB63
:1090B000FFE7009890F82F008DF8070003E00020EC
:1090C0008DF80700FFE79DF8070002B07047000029
:1090D00080B584B003908DED020ACDED010A0398AE
:1090E00090ED070A90ED091A20EE010A8DED000AB5
:1090F000039890ED030A9DED001A30EE411A9FEDA2
:109100001C0AB5EE401AF1EE10FAC8BFB0EE410AE3
:1091100080ED030A039890ED001A90ED030AB4EE77
:10912000401AF1EE10FAB8BFB0EE410A80ED030A22
:10913000039890ED041A90ED0A0AB8EE400AB4EED6
:10914000410AF1EE10FA05DAFFE70399886A013067
:1091500088620AE003990020886203989DED020A64
:10916000DDED010AFFF70CFFFFE704B080BD00BF93
:109170000000000083B001908DED000A019948695C
:109180008861009801994861019890ED050A90ED79
:10919000061AB4EE410AF1EE10FA11D0FFE7019879
:1091A00090ED050AB5EE400AF1EE10FA04DDFFE796
:1091B00000208DF80B0014E002208DF80B0010E069
:1091C000019890ED050AB5EE400AF1EE10FA04DDC3
:1091D000FFE701208DF80B0003E003208DF80B0062
:1091E000FFE79DF80B0003B07047000082B00090CD
:1091F000009890F82F0020B9FFE700208DF80700B5
:1092000003E001208DF80700FFE79DF8070002B09A
:109210007047000083B001908DED000A9DED000ABB
:10922000019890ED081AB4EE410AF1EE10FA17DD3C
:10923000FFE7019890F82C0020B9FFE701208DF896
:109240000B0011E0019890F82C00012804D1FFE7F1
:1092500002208DF80B0007E003208DF80B0003E0DF
:1092600000208DF80B00FFE79DF80B0003B070475E
:1092700080B588B0ADF81C0040F2FE2001900020BF
:1092800003900490022005909DF81D008DF80200C7
:10929000BDF81C008DF8030040F22050C2F200001F
:1092A00001A90DF102020123F7F7DCFF20B1FFE76E
:1092B00000208DF81F0003E001208DF81F00FFE75C
:1092C0009DF81F0008B080BD83B08DED010ACDED83
:1092D000000A9DED010A9DED001AB4EE410AF1EE7F
:1092E00010FA03DDFFE70098029015E09DED010AFA
:1092F0009DED001AB1EE411AB4EE410AF1EE10FAFA
:1093000007DAFFE79DED000AB1EE400A8DED020A93
:1093100002E001980290FFE79DED020A03B070475A
:1093200081B08DF803009DF9030000280ED4FFE7FB
:109330009DF9031001F01F02012090404A094EF2EE
:109340000011CEF2000141F82200FFE701B07047A2
:109350004EF60C50CEF200000068C0F302207047B9
:1093600082B08DF8070000919DF9070000280AD40B
:10937000FFE7009800019DF907104EF20042CEF27F
:10938000000288540BE0009800019DF8071001F0DE
:109390000F014EF61452CEF200028854FFE702B0DD
:1093A0007047000082B08DF8070000919DF907001A
:1093B00000280AD4FFE7009800019DF907104EF23B
:1093C0000042CEF2000288540BE0009800019DF8A4
:1093D000071001F00F014EF61452CEF2000288542D
:1093E000FFE702B07047000083B00290029800F0DF
:1093F000070000904EF60C51CEF200010868019073
:1094000001984FF6FF02104001900198009A40EA3F
:1094100002200022C0F2FA52104301900198086025
:1094200003B0704780B586B005900491059940F669
:109430005800C2F2000002900268916201684FF485
:109440001670019048633220009000F0E1FD02990F
:1094500000980A6800210391516300F0D9FD029938
:10946000019809684863642000F0D2FD02990398CE
:1094700009684863049800F0CBFD06B080BD000089
:1094800081B00090009900200861009988600099DF
:10949000C8600099C8610099486000990860009907
:1094A000486100998861012001B0704781B0009047
:1094B000009900200861009988600099C8600099AF
:1094C000C8610099486000990860009948610120CE
:1094D00001B0704780B582B0019002F00BF8FFE751
:1094E00040F26840C2F20000007A022811D1FFE782
:1094F0001D204FF4AF6100F01FFD4EF60451CEF277
:1095000000014FF080500860BFF34F8FBFF36F8FA3
:109510001DE040F26840C2F20000007A032811D139
:10952000FFE71D204FF44871FFF77CFF4EF6045112
:10953000CEF200014FF080500860BFF34F8FBFF3B1
:109540006F8F03E00A2000F063FDFFE7FFE7C7E746
:1095500080B58CB0002107910891012009900291FB
:1095600003910491059106910A900E200B9040F210
:109570002050C2F20000019002A9F7F71FFF0198E6
:10958000F8F7A2FD01980221F7F742FE0CB080BD6A
:1095900080B58CB00E200790002108910120099021
:1095A000029103910491059106900A9040F248506F
:1095B000C2F20000019002A9F7F700FF0198F8F746
:1095C00083FD01981021F7F723FE0CB080BD000049
:1095D00080B590B00F9040F22C41C2F20001012002
:1095E000487640F2C431C2F20001487645F2A44107
:1095F000C2F2000148F61C20CCF22320086040F2A1
:109600006400C2F200000A909FED9E0A8DED060AEA
:10961000DFED9D0ACDED070A9FED9C1A8DED0B1A2B
:10962000DFED9B1ACDED0C1A9FED9A2A8DED082ADD
:10963000DFED992ACDED092AFDF7DCFE9DED060A46
:10964000DDED070A9DED082ADDED092A9DED0B1AD7
:10965000DDED0C1A0A984830FDF7CCFE9DED0B1A93
:10966000DDED0C1A40F2E430C2F200009FED8B0AEF
:10967000DFED8B0A9FED8B2ADFED8B2AFDF7BAFE1B
:1096800040F2D440C2F200009FED880AFCF714FBC0
:109690009DED0C3A40F23410C2F20000B7EE080A19
:1096A000DFED830A9FED831ADFED831AB1EE082AFE
:1096B000F6EE002AFDF7ECFA45F2AC40C2F20000EB
:1096C0000D9000F055FC0D989FED7C0A02F048F9D2
:1096D000FFE702F02BFB45F2AC40C2F200009FED29
:1096E000780ADFED780AB7EE001ADFED771ADFEDC2
:1096F0006C2AB0EE083AF1EE043A9FED744AF6EEA9
:10970000004AB0EE632A00F04DFCFDF70BFF40F27B
:10971000E440C2F2000001780020012905900BD13D
:10972000FFE740F2E640C2F2000000780138B0FAEC
:1097300080F040090590FFE7059800F0010140F234
:109740001C50C2F2000001700078C007002800F031
:109750008A80FFE740F6D070C2F2000090ED060A62
:1097600040F2C430C2F20000D0ED020A40F23410E0
:10977000C2F200000490FDF72FF9049848F20001AE
:10978000C4F23B610E9190ED0B0A9DED0E1AB4EE02
:10979000410AF1EE10FA05DDFFE79DED0E0A8DEDB1
:1097A000030A24E040F23410C2F2000090ED0B0AEC
:1097B0009DED0E1AB1EE411AB4EE410AF1EE10FA27
:1097C00007DAFFE79DED0E0AB1EE400A8DED020AC1
:1097D00008E040F23410C2F2000090ED0B0A8DED6B
:1097E000020AFFE79DED020A8DED030AFFE79DEDFA
:1097F000030A40F23410C2F20000019080ED0B0A1F
:1098000090ED0B0A40F2D440C2F20000FCF72AFAB5
:10981000019880ED0B0A40F6D070C2F2000000689B
:1098200041F27801C2F20001086045F2A440C2F2A0
:10983000000090ED000A40F21850C2F2000090EDD6
:10984000001A30EE410A40F2B040C2F20000D0ED02
:10985000020A90ED031A45F2AC40C2F20000AA21C0
:10986000FEF738F8FFE702F08DFA4EF60451CEF21B
:1098700000014FF080500860BFF34F8FBFF36F8F30
:1098800027E700BF00000C4300000000000020425A
:10989000CDCCCC3D00007A440080BB450080B6446E
:1098A0000000344200409C4500803B460AD7233CE0
:1098B0000000C8436F12833A00000C4400C05A46AF
:1098C0000078E646BC74933B3333F33F8D97AE3E4E
:1098D00082B001900198007E01460091AA282FD005
:1098E000FFE70098BB2804D0FFE70098CC284ED0B3
:1098F00085E00198018800EE101AB8EEC00A9FEDCD
:10990000411A20EE010A9FED401A80EE010A80ED17
:10991000020A0198B0F9021000EE101AB8EEC00A5F
:109920009FED3C1A80EE010A80ED030A0198B0F920
:10993000061000EE101AB8EEC00A80ED050A5EE0CF
:109940000198018800EE101AB8EEC00A9FED2D1A9A
:1099500020EE010A9FED2C1A80EE010A80ED020A2A
:109960000198B0F9021000EE101AB8EEC00A9FED8F
:10997000291A80EE010A80ED030A0198B0F9061059
:1099800000EE101AB8EEC00A80ED050A37E0019823
:10999000018800EE101AB8EEC00A9FED1A1A20EEE8
:1099A000010A9FED191A80EE010A80ED020A019862
:1099B000B0F9021000EE101AB8EEC00A9FED131AAB
:1099C00080EE010A80ED030A0198B0F9041000EE60
:1099D000101AB8EEC00AB3EE041A20EE010A9FED89
:1099E0000C1A80EE010A80ED040A0198B0F9061005
:1099F00000EE101AB8EEC00A80ED050AFFE702B0CB
:109A0000704700BF0000B44300F8FF4567E6AB4372
:109A100000008046CDCC184180B590B08DED0E0A87
:109A2000CDED0D0A8DED0C1A0E98F6F717FE41ECF0
:109A3000100B9FED3D1B50EC111BC20F51EC100B96
:109A400062F3DF7141EC100B8DED0A0B0C98F6F709
:109A500005FE9DED0A1B41EC100B51EC110B53EC74
:109A6000102BF6F7D2FDB8B9FFE79DED0E0A8DED8C
:109A7000090A9DED0C0A9DED0D2AB7EE001A71EE54
:109A8000420A03F0DBFEB0EE401A9DED090A80EEBB
:109A9000010A8DED0F0A40E00E98F6F7DFFD41EC6C
:109AA000100B9FED211B50EC111BC20F51EC100B42
:109AB0000591049062F3DF7141EC100B8DED000B0A
:109AC0000D98F6F7CBFD9DED001B41EC100B51EC12
:109AD000110B0391029053EC102BF6F77FFC029AC6
:109AE000039B844604988E4605994EEC10CB8DED71
:109AF000060BF6F7E5FC9DED061B41EC100B51EC57
:109B0000110B53EC102BF6F769FC41EC100B51ECE8
:109B1000100BF6F7B6FD0F90FFE79DED0F0A10B0A2
:109B200080BD00BF00BF00BF0000000000000000BB
:109B300082B08DED010A01980090009820F000405D
:109B400000909DED000A02B07047000080B584B01F
:109B50008DED030ACDED020A9DED020A8DED010A9D
:109B60009DED030A03F0B4FDB0EE401A9DED010A2D
:109B700020EE010A03F0B6FC04B080BD82B08DED8A
:109B8000010A9DED010A20EE000A8DED000A9DED0F
:109B9000010A9DED001AB3EE0B2A31EE023A20EED7
:109BA000030AB2EE023A21EE031A31EE021A80EEF7
:109BB000010A02B07047000080B59AB08DED180A16
:109BC000CDED170A8DED161ACDED151A9DED160A7D
:109BD0009DED151A20EE010A8DED140A9DED150A72
:109BE0009DED141A20EE010A8DED130A9DED181A51
:109BF0009DED150A9DED172A20EE020A30EE010AAE
:109C00008DED120A9DED130A20EE000A10EE100AE7
:109C1000F6F724FD41EC100B8DED0A0B1698F6F7C4
:109C20001DFD41EC100B9FED8A1B53EC112B51ECE9
:109C3000100BF6F7D3FB41EC100B8DED080B1298CF
:109C4000F6F70CFD9DED081B41EC100B51EC100BD1
:109C50009FED810B52EC103BD20F0D9262F3DF713E
:109C600041EC100B51EC110B53EC102BF6F7B6FB3B
:109C70009DED0A0B41EC110B51EC110B53EC102B29
:109C8000F6F705FB41EC100B04F0D2F951EC100B88
:109C9000F6F7F7FC11901298F6F7E0FC0D9A41ECFC
:109CA000100B51EC100B62F3DF7141EC100B8DEDDA
:109CB0000E0B1398F6F7D2FC9DED0E1B41EC100B2A
:109CC00051EC110B53EC102BF6F769FC002850D126
:109CD000FFE71798F6F7C2FC41EC100B8DED060B71
:109CE0009DED110A9DED141A30EE410A10EE100A96
:109CF000F6F7B4FC41EC100B51EC100B9FED580B38
:109D000053EC102BF6F76AFB41EC100B8DED040BB6
:109D10001298F6F7A3FC41EC100B9FED4F1B50EC93
:109D2000111BC30F51EC100B0A4663F3DF7242ECB8
:109D3000100B53EC102BF6F7C3FB9DED041B41EC0D
:109D4000100B51EC110B53EC102BF6F747FB9DED6C
:109D5000060B41EC110B51EC110B53EC102BF6F7E9
:109D600096FA41EC100B51EC100BF6F78AFC1090B0
:109D70000CE09DED110A9DED121A9DED152A81EE64
:109D8000021A30EE010A8DED100AFFE71098F6F77F
:109D900065FC41EC100B9FED301B50EC111BC20F0A
:109DA00051EC100B62F3DF7141EC100B8DED020BE7
:109DB0001498F6F753FC9DED021B41EC100B51EC8F
:109DC000110B53EC102BF6F7EAFB80BBFFE716985C
:109DD00080F00040F6F742FC41EC100B8DED000BDB
:109DE0001098F6F73BFC41EC100B9FED1B1B50EC61
:109DF000111BC30F51EC100B0A4663F3DF7242ECE8
:109E0000100B53EC102BF6F75BFB9DED000B41ECB8
:109E1000110B53EC112B51EC100BF6F7DFFA41EC60
:109E2000100B51EC100BF6F72CFC19900CE09DED8B
:109E3000160A9DED101A9DED142A81EE021A20EEED
:109E4000410A8DED190AFFE79DED190A1AB080BD90
:109E500000000000000020400000000000000000A2
:109E6000000000000000E03F80B582B0019000914A
:109E700040F60820C2F2000001A901224FF6FF734C
:109E8000FBF78EFC019802B080BD000080B586B063
:109E9000002001900590F8F7F3FEFDF7F3FEFCF7C4
:109EA0001BF8FBF76BFFFBF719FFFBF73FFFFCF716
:109EB0009BF9FCF7B9F9FCF74FF9FCF775F9FCF7DA
:109EC000E7F8FCF7A9F8FCF727F940F61000C2F212
:109ED0000000F9F7FFFE40F65800C2F200000290C1
:109EE000F9F782FE01990298FAF792FAFFF730FB30
:109EF000FFF74EFB41F60000C4F2020003904FF45E
:109F0000005101220492F8F78FFE049A41F60040B6
:109F1000C4F202003C21F8F787FE0398049A4FF43C
:109F2000FF71F8F781FE00F08DF8FBF78FFF00F06E
:109F3000ADF8FFE7FEE7000080B584B00390029122
:109F4000039940F65800C2F2000001900268916245
:109F500001684FF4C8704863C82000F059F80198B0
:109F6000016800204863029800F052F804B080BDF8
:109F700081B0009000990020086000994860009925
:109F800088600099C860009908610099486100994B
:109F900088610099C861009908620099486201B01F
:109FA000704700008BB00A908DED090ACDED080ACC
:109FB0008DED071ACDED061A8DED052ACDED042A9B
:109FC0008DED033ACDED023A8DED014ACDED004A1B
:109FD00009980A99086008980A99486007980A99A8
:109FE000886006980A99C86005980A9908610498DB
:109FF0000A99486103980A99886102980A99C86188
:10A0000001980A99086200980A9948620BB0704753
:10A0100080B584B00290EFF305800390039820B1DF
:10A02000FFE76FF00500019009E000200190029821
:10A0300020B1FFE7029801F0F3FFFFE7FFE7019887
:10A0400004B080BD82B0EFF305800190019820B18B
:10A05000FFE76FF00500009014E040F28010C2F2BC
:10A060000000006848B9FFE740F28011C2F2000129
:10A07000012008600020009003E04FF0FF300090C6
:10A08000FFE7FFE7009802B07047000080B582B09C
:10A09000EFF305800190019820B1FFE76FF0050014
:10A0A000009019E040F28010C2F200000068012820
:10A0B0000DD1FFE7FDF756FC40F28011C2F200011E
:10A0C0000220086002F04AF80020009003E04FF000
:10A0D000FF300090FFE7FFE7009802B080BD00006E
:10A0E000B0B58EB00B900A91099200200690EFF364
:10A0F00005800D900D98002840F09980FFE70B989F
:10A10000002800F09480FFE7802007901820059039
:10A11000002008904FF0FF300490099800284DD09F
:10A12000FFE70998006820B1FFE7099800680890E8
:10A13000FFE70998806920B1FFE7099880690590D9
:10A14000FFE7059848B1FFE70598382805D8FFE7ED
:10A1500009980079C00718B1FFE700200C9069E06A
:10A160000998406928B1FFE709984069800807907D
:10A17000FFE70998806880B1FFE70998C0685C280C
:10A180000BD3FFE70998006938B1FFE709984069E8
:10A1900018B1FFE7012004900FE00998806858B9D2
:10A1A000FFE70998C06838B9FFE70998006918B94E
:10A1B000FFE700200490FFE7FFE702E000200490A3
:10A1C000FFE70498012817D1FFE70B980899079A31
:10A1D0000A9BDDF814C0DDF824E0DEF80850DEF854
:10A1E0001040EE46CEF80850CEF80440CEF800C03D
:10A1F00002F0A0FD069019E00498B0B9FFE70B98B3
:10A200000899BDF81C200A9BDDF814C0EE4606AC88
:10A21000CEF80440CEF800C002F03CFD012803D087
:10A22000FFE700200690FFE7FFE7FFE7FFE706985C
:10A230000C90FFE70C980EB0B0BD000084B08DED1F
:10A24000030ACDED020A9DED020A9DED031A30EEE0
:10A25000410A9FED211AB4EE410AF1EE10FA0DDD2C
:10A26000FFE79DED020A9DED031A30EE410A9FEDD6
:10A270001D1A30EE010A8DED010A28E09DED020A5B
:10A280009DED031A30EE410A9FED141AB4EE410A17
:10A29000F1EE10FA0DDAFFE79DED020A9DED031ACB
:10A2A00030EE410A9FED0E1A30EE010A8DED000AE4
:10A2B00008E09DED020A9DED031A30EE410A8DED96
:10A2C000000AFFE79DED000A8DED010AFFE79DED15
:10A2D000010A04B0704700BF00003443000034C3DB
:10A2E0000000B4430000B4C380B584B00390029171
:10A2F00045F29440C2F200000068009040F65030F1
:10A30000C2F200000068043001F042FC08B9FFE727
:10A3100000E0FFE70398013080B9FFE7029868B1D9
:10A32000FFE740F65030C2F200000068011D45F220
:10A330006C40C2F2000001F0D1FC3DE000980399AE
:10A3400008440190019840F65031C2F200010968BA
:10A3500048600198009988420ED2FFE740F66030CD
:10A36000C2F20000006840F65031C2F200010968F4
:10A37000043101F07DFC1EE040F65830C2F20000CE
:10A38000006840F65031C2F200010968043101F062
:10A390006FFC019845F2F831C2F200010968884269
:10A3A00007D2FFE7019845F2F831C2F200010860D8
:10A3B00000E0FFE7FFE7FFE704B080BD80B582B0B3
:10A3C000019001F0B3FC44F68841C2F20001086834
:10A3D0000130086040F65030C2F20000006898B9C1
:10A3E000FFE7019840F65031C2F20001086044F6E0
:10A3F0008840C2F200000068012803D1FFE700F0A6
:10A40000F7FA00E0FFE71CE045F26040C2F200000E
:10A410000068A0B9FFE740F65030C2F200000068C3
:10A42000C06A0199C96A884207D8FFE7019840F6D7
:10A430005031C2F20001086000E0FFE700E0FFE7F2
:10A44000FFE744F69440C2F2000001680131016068
:10A450000068019948640198C06A44F69841C2F2C4
:10A4600000010968884208D9FFE70198C06A44F6EC
:10A470009841C2F200010860FFE70199C86A00EB49
:10A48000800240F66830C2F2000000EB8200043126
:10A4900001F024FC01F076FC45F26040C2F20000BD
:10A4A0000068C8B1FFE740F65030C2F20000006813
:10A4B000C06A0199C96A88420CD2FFE74EF604517E
:10A4C000CEF200014FF080500860BFF34F8FBFF312
:10A4D0006F8F00E0FFE700E0FFE702B080BD000003
:10A4E00080B584B001F022FC45F29840C2F2000031
:10A4F0000068002840D1FFE745F29830C2F2000022
:10A50000029001F095FB45F2AC30C2F200000390DE
:10A5100001F08EFB0299039840F65432C2F2000219
:10A52000116040F66431C2F2000108606946002003
:10A53000086040F65C22C2F2000240F6FC23C2F240
:10A5400000030A20102101F0AFFF014645F29840B8
:10A55000C2F200000160006860B1FFE745F2984078
:10A56000C2F20000006840F2E211C0F6010101F001
:10A57000FBFC00E0FFE700E0FFE701F003FC04B0B4
:10A5800080BD000080B582B0FFE744F68C40C2F287
:10A590000000006808B3FFE701F0C8FB45F2804007
:10A5A000C2F20000C068C06801900198043001F058
:10A5B000EFFA44F68841C2F20001086801380860E9
:10A5C00044F68C41C2F2000108680138086001F0CD
:10A5D000D9FB019800F08CF8D7E702B080BD0000ED
:10A5E00080B582B0019000910198006CB8B1FFE78E
:10A5F0000199C8680A6C1044C86001988168C068F5
:10A60000884204D3FFE701990868C86000E0FFE7CB
:10A610000098019AD168126CF5F715FEFFE702B0B9
:10A6200080BD000080B586B00590049103920020A3
:10A6300002900598806B01900598006C78B9FFE74F
:10A640000598006848B9FFE70598806802F0E2FCC9
:10A65000029005990020886000E0FFE741E0039840
:10A66000B8B9FFE7059A04995068126CF5F7EBFD4D
:10A67000059948680A6C10444860059948688968DB
:10A68000884204D3FFE705990868486000E0FFE7C7
:10A6900026E0059A0499D068126CF5F7D4FD059967
:10A6A000C8680A6C801AC86005980168C06888424A
:10A6B00006D2FFE7059988680A6C801AC86000E036
:10A6C000FFE70398022809D1FFE7019820B1FFE7CF
:10A6D00001980138019000E0FFE700E0FFE7FFE7A5
:10A6E000FFE70198013005998863029806B080BDA4
:10A6F00080B582B00090009890F8590040B9FFE70B
:10A700000098006B01F064FB009801F061FB1CE015
:10A71000009890F85900012804D1FFE7009801F053
:10A7200057FB11E0009890F8590002280BD0FFE782
:10A730004FF0500080F31188BFF36F8FBFF34F8F3E
:10A740000190FFE7FEE7FFE7FFE702B080BD0000F2
:10A7500082B0019040F65430C2F2000000680068F8
:10A76000B0FA80F04009019908600198006848B982
:10A77000FFE740F65430C2F200000068C06800688D
:10A78000009002E000200090FFE7009802B07047C0
:10A7900084B04FF47050009041F27C00C2F200008F
:10A7A00001909DF80400400788B1FFE70198073049
:10A7B0000190019820F007000190019A41F27C017C
:10A7C000C2F200010098891A08440090FFE701983E
:10A7D0000290029945F26440C2F20000016000213B
:10A7E00041600298009A1044019001980838019045
:10A7F000019820F007000190019A40F65C30C2F207
:10A8000000000260026851600268116002990391C1
:10A810000199039A891A51600068039908600398A6
:10A82000406845F2F431C2F20001086003984068C4
:10A8300045F2EC31C2F20001086045F2C031C2F2CB
:10A8400000014FF00040086004B0704780B582B04E
:10A850000190FFE7FFF796FE40F66830C2F2000075
:10A86000006802280CD3FFE74EF60451CEF2000137
:10A870004FF080500860BFF34F8FBFF36F8F00E041
:10A88000FFE7E7E780B584B0DDF818C003900291D8
:10A8900001928DF80330029818B9FFE7069800601E
:10A8A00003E0019806990860FFE703980699C863DA
:10A8B0000298069908640698012101F07DFE9DF832
:10A8C0000300069981F84C0004B080BD80B588B0C3
:10A8D000DDF834C0DDF830C0DDF82CC0DDF828C06C
:10A8E00006900591049203930C98006B04998900DB
:10A8F000A522F5F7BAFC0C98006B049900EB8100D7
:10A9000004380290029820F0070002909DF8080099
:10A91000400758B1FFE74FF0500080F31188BFF3B4
:10A920006F8FBFF34F8F0790FFE7FEE70598F8B1F1
:10A93000FFE700200190FFE701980F2813D8FFE7F9
:10A940000598019A805C0C99114481F834000598AF
:10A950000199405C08B9FFE705E0FFE7FFE70198D0
:10A9600001300190E8E70C99002081F8430004E0F1
:10A970000C99002081F83400FFE70A98382803D3A7
:10A98000FFE737200A9000E0FFE70A980C99C862B9
:10A990000A980C99C8640C990020009008650C98DE
:10A9A000043001F05DF90C98183001F059F9009865
:10A9B0000C9909610A99C1F138010C9A91610C99BD
:10A9C00049620C9948650C9981F8580002980699DB
:10A9D000039A00F0D1FC0C9908600B9820B1FFE7B6
:10A9E0000C980B99086000E0FFE708B080BD0000FC
:10A9F00080B584B000200390FFE70398372810D873
:10AA0000FFE7039800EB800140F66830C2F20000D7
:10AA100000EB810001F00CF9FFE70398013003908F
:10AA2000EBE745F2C430C2F20000019001F000F9FA
:10AA300045F2D830C2F20000029001F0F9F845F278
:10AA40000C40C2F2000001F0F3F845F28040C2F27F
:10AA5000000001F0EDF845F26C40C2F2000001F098
:10AA6000E7F80199029840F65832C2F200021160EC
:10AA700040F66031C2F20001086004B080BD000001
:10AA800083B0029045F26440C2F200000190FFE7FB
:10AA9000019800680299884205D2FFE7FFE7019814
:10AAA00000680190F4E701980090009801994968C6
:10AAB00008440299884209D1FFE702984268019947
:10AAC0004868104448600198029000E0FFE702984F
:10AAD00000900098029949680844019909688842E1
:10AAE00020D1FFE70198006840F65C31C2F2000116
:10AAF000096888420DD0FFE7019800684268029912
:10AB0000486810444860019800680068029908602D
:10AB100007E040F65C30C2F200000068029908606D
:10AB2000FFE704E00198006802990860FFE70198D8
:10AB30000299884204D0FFE702980199086000E07A
:10AB4000FFE703B07047000080B586B00590049120
:10AB5000039202930020019004980599486005989B
:10AB6000006104980399884216D8FFE70398029978
:10AB7000401A05998969884203D3FFE701200190B3
:10AB800009E040F66430C2F2000000680599043123
:10AB900001F06EF8FFE717E003980299884208D2A7
:10ABA000FFE704980299884203D3FFE70120019050
:10ABB00009E040F65430C2F2000000680599043103
:10ABC00001F056F8FFE7FFE7019806B080BD0000EE
:10ABD00080B582B0019001F0A9F80198806B18B996
:10ABE000FFE70120009002E000200090FFE701F065
:10ABF000C9F8009802B080BD80B582B0019001F024
:10AC000095F80198806B0199C96B884203D1FFE7E1
:10AC10000120009002E000200090FFE701F0B2F870
:10AC2000009802B080BD000008480068006880F30A
:10AC300008884FF0000080F3148862B661B6BFF355
:10AC40004F8FBFF36F8F00DF00BF000008ED00E003
:10AC500080B586B00490039140F65430C2F20000F3
:10AC60000068C068C06801900198043000F090FF4F
:10AC7000019890F828004007002823D5FFE70198A5
:10AC8000049B81691944039AFFF75EFFC0B1FFE797
:10AC90000198049A694600230B60194602F0A6FB4E
:10ACA0000290029858B9FFE74FF0500080F31188E6
:10ACB000BFF36F8FBFF34F8F0590FFE7FEE700E014
:10ACC000FFE707E0019991F8280000F0FE0081F805
:10ACD0002800FFE70198016A884706B080BD0000A0
:10ACE00080B58EB0FFE745F29840C2F200000068E0
:10ACF00007A9002201F07AFE002800F0B880FFE7E3
:10AD00000798B0F1FF3F17DCFFE707A80430029077
:10AD1000029858B9FFE74FF0500080F31188BFF355
:10AD20006F8FBFF34F8F0D90FFE7FEE702990A6820
:10AD300048688968904700E0FFE70798002800F11D
:10AD40009580FFE7099806900698406928B1FFE7CB
:10AD50000698043000F01CFF00E0FFE705A800F0B3
:10AD6000FBF8039007980190092800F27D80019973
:10AD7000DFE801F00505053D456605053D450699F9
:10AD800091F8280040F0010081F828000698089BFF
:10AD900081691944039AFFF7D7FE30B3FFE706989D
:10ADA000016A8847069890F82800400700281AD5BD
:10ADB000FFE70698089982690A44694600230B60F8
:10ADC000194602F013FB0490049858B9FFE74FF0BE
:10ADD000500080F31188BFF36F8FBFF34F8F0C903B
:10ADE000FFE7FEE700E0FFE700E0FFE73DE0069950
:10ADF00091F8280000F0FE0081F8280035E006995F
:10AE000091F8280040F0010081F828000898069980
:10AE100088610698806958B9FFE74FF0500080F3C9
:10AE20001188BFF36F8FBFF34F8F0B90FFE7FEE7E3
:10AE30000698039B816919441A46FFF785FE14E0C2
:10AE4000069890F828008007002804D4FFE70698A9
:10AE500000F0BEFF07E0069991F8280000F0FE0020
:10AE600081F82800FFE700E0FFE7FFE73BE70EB0CF
:10AE700080BD000080B584B00390029101F0DEF93E
:10AE8000684600F069F801900098D8BBFFE7029887
:10AE900060B9FFE703980199884207D8FFE702F0FD
:10AEA00097F903980199FFF7D3FE2AE0029858B169
:10AEB000FFE740F66430C2F2000000680068B0FAB4
:10AEC00080F040090290FFE745F29840C2F200008E
:10AED00000680399019A891A029A01F06FF802F04A
:10AEE00077F960B9FFE74EF60451CEF200014FF05A
:10AEF00080500860BFF34F8FBFF36F8F00E0FFE714
:10AF0000FFE702E002F064F9FFE704B080BD000053
:10AF100081B040F65830C2F200000068006840B9C5
:10AF2000FFE745F2F831C2F200014FF0FF30086050
:10AF30000FE040F65830C2F200000068C068C068F8
:10AF400000900098406845F2F831C2F200010860B4
:10AF5000FFE701B07047000080B582B0019001F0BA
:10AF60006DFF0090009840F64C31C2F20001096874
:10AF7000884206D2FFE700F011F80199012008602D
:10AF800003E0019900200860FFE7009840F64C318B
:10AF9000C2F200010860009802B080BD80B588B0A0
:10AFA000FFE740F65430C2F2000000680068002855
:10AFB0004ED0FFE740F65430C2F200000168C96885
:10AFC000096806910068C068C0680390039804305F
:10AFD00000F0DEFD0398016A8847039890F8280086
:10AFE0004007002832D5FFE706980399896908448D
:10AFF00005900598069988420FD9FFE705980399AF
:10B0000048600398006140F65430C2F200000068C6
:10B010000399043100F02CFE17E00398069A694664
:10B0200000230B60194602F0E1F90290029858B92A
:10B03000FFE74FF0500080F31188BFF36F8FBFF32D
:10B040004F8F0790FFE7FEE7FFE700E0FFE7A8E785
:10B0500040F65432C2F200021068049040F66431A7
:10B06000C2F20001086810600498086008B080BD52
:10B0700083B00020009040F21800C2F20000006887
:10B08000013058B1FFE74FF0500080F31188BFF353
:10B090006F8FBFF34F8F0290FFE7FEE74FF0500036
:10B0A00080F31188BFF36F8FBFF34F8F0190FFE7DD
:10B0B000009808B9FFE7FBE703B0704780B584B09C
:10B0C0000390FFE701A8FFF743FB02900298019964
:10B0D000FFF7D0FEFFF704FEF4E7000080B582B072
:10B0E000019000F023FE019890F845008DF80300D0
:10B0F000FFE79DF90300012816DBFFE70198406A8E
:10B1000058B1FFE70198243001F0FAFF18B1FFE7CA
:10B1100000F0D0FF00E0FFE700E005E09DF803004D
:10B1200001388DF80300E4E70199FF2081F845001C
:10B1300000F028FE00F0FAFD019890F844008DF828
:10B140000200FFE79DF90200012816DBFFE70198E6
:10B15000006980B1FFE70198103001F0D1FF18B10C
:10B16000FFE700F0A7FF00E0FFE79DF802000138CD
:10B170008DF8020000E000E0E4E70199FF2081F88B
:10B18000440000F0FFFD02B080BD000080B58AB031
:10B1900006900020029001F051F840F65C30C2F2B7
:10B1A0000000006818B9FFE7FFF7F2FA00E0FFE7D8
:10B1B000069845F2C031C2F200010968084240F029
:10B1C000C580FFE7069800B3FFE7069808300690B1
:10B1D0009DF818004007B0B1FFE7069820F007007F
:10B1E000083006909DF81800400758B1FFE74FF06F
:10B1F000500080F31188BFF36F8FBFF34F8F09901A
:10B20000FFE7FEE700E0FFE700E0FFE70698002821
:10B2100000F09A80FFE7069845F2EC31C2F2000197
:10B220000968884200F29080FFE745F26440C2F26C
:10B230000000049000680590FFE705984168069AB1
:10B2400000209142019007D2FFE70598006800288E
:10B2500018BF01200190FFE70198C00730B1FFE758
:10B2600005980490059800680590E6E7059840F673
:10B270005C31C2F200010968884263D0FFE704989C
:10B2800000680830029005980068049908600598E5
:10B2900040680699401A112821D3FFE705980699BE
:10B2A000084403909DF80C00400758B1FFE74FF0A9
:10B2B000500080F31188BFF36F8FBFF34F8F08905A
:10B2C000FFE7FEE7059840680699401A0399486031
:10B2D0000698059948600398FFF7D2FB00E0FFE766
:10B2E0000598426845F2EC30C2F200000168891A04
:10B2F0000160006845F2F431C2F200010968884239
:10B300000BD2FFE745F2EC30C2F20000006845F2D4
:10B31000F431C2F20001086000E0FFE745F2C030FE
:10B32000C2F2000002680599486810434860059918
:10B330000020086045F20041C2F2000108680130B7
:10B34000086000E0FFE700E0FFE700E0FFE701F052
:10B350003FFF9DF80800400758B1FFE74FF050004D
:10B3600080F31188BFF36F8FBFF34F8F0790FFE714
:10B37000FEE702980AB080BD83B00290019100926E
:10B3800002980438029002994FF080700860029889
:10B3900004380290019820F0010002990860029898
:10B3A0000438029002994BF27100C0F60000086068
:10B3B00002981438029000980299086002980438A4
:10B3C000029002996FF00200086002982038029003
:10B3D000029803B07047000082B00190009100987D
:10B3E000007E00286BD1FFE700994878897840EA11
:10B3F00001206FF3DF200199488300998878C9788C
:10B40000C00840EA41106FF3DF200199888300995A
:10B41000C8780A794979800940EA820040EA8120A7
:10B420006FF3DF200199C883009948798979400832
:10B4300040EAC1106FF3DF200199088400998879F0
:10B44000C979000940EA01106FF3DF2001994884AF
:10B450000099C8790A7A497AC00940EA420040EA6C
:10B4600041206FF3DF20019988840099487A897A16
:10B47000800840EA81106FF3DF200199C8840099A9
:10B48000887AC97A400940EAC10001990885009983
:10B49000087B497B40EA01206FF3DF200199488552
:10B4A0000099487B897BC00840EA41106FF3DF2098
:10B4B000019988850199012081F83A0004E00199F9
:10B4C000002081F83A00FFE702B0704784B0039093
:10B4D0008DED020ACDED010A8DED001A0298039957
:10B4E000886001980399C860009803990861012059
:10B4F00004B0704780B584B040F65800C2F2000036
:10B5000003900268C321916201684FF416700290A3
:10B510004863FA200190FEF77BFD0299039A019897
:10B52000D2F800C0B123CCF8283012685163FEF77E
:10B530006FFD039902980B6883229A620968486339
:10B540004FF4C870FEF764FD03980168002048635B
:10B5500040F22620FEF75CFD04B080BD0000000034
:10B5600080B58CB00B9040F21F60ADF82A000B98AC
:10B57000B0F92600B0F5806F03DDFFE702200990E7
:10B5800009E00B98B0F926100020B1F5806FA8BF34
:10B5900001200990FFE709980B9981F86E000B983C
:10B5A00090F86E0001287CD1FFE70B98B0F91C10D1
:10B5B00000EE101AB8EEC00A9FEDA91A30EE410A4B
:10B5C000BDF92A1002EE101AB8EEC22A80EE020A65
:10B5D00030EE000A80ED100A0B98B0F9201000EE52
:10B5E000101AB8EEC00A30EE410ABDF92A1002EE78
:10B5F000101AB8EEC22A80EE020A30EE000A80ED80
:10B60000130A0B98B0F91A1000EE101AB8EEC00A1F
:10B6100030EE410ABDF92A1001EE101AB8EEC11A37
:10B6200080EE010A30EE000A80ED160A0B98B0F9A0
:10B630001E1000EE101AB8EEC00ABDF92A1001EE75
:10B64000101AB8EEC11A80EE010A9FED861A30EE8C
:10B65000010A80ED170A0B99B1F922200020B2F5FA
:10B66000806FC8BF012081F86C000B9890F86C00C7
:10B6700001280BD1FFE70B99B1F924200020B2F586
:10B68000806FC8BF012081F86D00FFE70B99B1F909
:10B6900028200020B2F5806FC8BF012081F86F001C
:10B6A00012E00B99002008640B99C8640B99886517
:10B6B0000B99C8650B9981F86C000B9981F86D00A6
:10B6C0000B9981F86F00FFE70B98B0F92A1000EE94
:10B6D000101AB8EEC00A9FED641A30EE410ABDF9A7
:10B6E0002A1002EE101AB8EEC22A80EE020A80ED8D
:10B6F0001C0A0B98B0F92C1000EE101AB8EEC00A14
:10B7000030EE410ABDF92A1001EE101AB8EEC11A46
:10B7100080EE010A80ED1D0A0B9890ED0F2A90ED46
:10B72000100A90ED1C1A20EE020A20EE010A80EDAC
:10B73000110A0B9890ED122A90ED130A90ED1C1A45
:10B7400020EE020A20EE010A80ED140A0B99486CE3
:10B75000896F0491F4F782FF0246049805920A4625
:10B76000059942EC101B9FED3C1B51EC112BCB0FAC
:10B7700052EC101B63F3DF7242EC101B8DED060BD5
:10B78000F4F76CFF9DED061B41EC100B51EC110B17
:10B7900053EC102BF4F71EFF20B9FFE70B990020A4
:10B7A00048640DE00B9890ED0F2A90ED100A90ED93
:10B7B0001C1A20EE020A20EE010A80ED110AFFE7B2
:10B7C0000B99086D896F0091F4F748FF02460098C5
:10B7D00001920A46019942EC101B9FED1F1B51EC90
:10B7E000112BCB0F52EC101B63F3DF7242EC101BDA
:10B7F0008DED020BF4F732FF9DED021B41EC100BB7
:10B8000051EC110B53EC102BF4F7E4FE20B9FFE7D9
:10B810000B99002008650DE00B9890ED122A90ED31
:10B82000130A90ED1C1A20EE020A20EE010A80EDA8
:10B83000140AFFE70B9890ED160A90ED182A90ED88
:10B840001D1A20EE020A20EE010A80ED190A0CB042
:10B8500080BD00BF00BF00BF00000000000000006E
:10B86000000080449A9919BE0000704380B58EB0E4
:10B870008DED0C0ACDED0B0A8DED0A1AADF8260000
:10B8800040F20220039000200590069008200790C7
:10B890009DED0C0A9FED311A20EE010A8DED0C0A88
:10B8A0009DED0B0A20EE010A8DED0B0A9DED0A0AB3
:10B8B00020EE010A8DED0A0A9DED0C0ABDEEC00ACC
:10B8C00010EE100A000A8DF804009DED0C0ABDEE82
:10B8D000C00A10EE100A8DF805009DED0B0ABDEEB2
:10B8E000C00A10EE100A000A8DF806009DED0B0A42
:10B8F000BDEEC00A10EE100A8DF807009DED0A0A91
:10B90000BDEEC00A10EE100A000A8DF808009DED89
:10B910000A0ABDEEC00A10EE100A8DF809009DF863
:10B9200027008DF80A00BDF826008DF80B0040F2C4
:10B930002050C2F2000003A901AA0223F5F792FCED
:10B9400020B1FFE701208DF8370003E000208DF8DB
:10B950003700FFE79DF837000EB080BD0000C842F9
:10B9600082B001908DED000A0098019988640199D8
:10B970000020C86201990863019988630199C8632E
:10B9800001994863019908640199486402B07047BD
:10B9900082B08DED010ACDED000A9DED000A9DED0E
:10B9A000011A30EE410A02B07047000080B58AB03B
:10B9B00009908DED080ACDED070A8DF81B109DED5D
:10B9C000070A9DED081A30EE410A8DED050A9DF833
:10B9D0001B30A3F12002012101FA02FCC3F1200077
:10B9E00021FA00F0002A58BF60469940002A58BF4B
:10B9F0000021013960F10000029103909DED090AD8
:10BA0000B8EE400A9DED051A20EE010A8DED000A00
:10BA100002980399F4F714FE9DED000A01EE100A56
:10BA200080EE010A8DED010A9DED010A9DED081AD7
:10BA300030EE010A0AB080BD80B586B00390059152
:10BA40000599C90F41600599C1F3C75181600599F6
:10BA50006FF3DF51C1608068FF2815D1FFE70398BD
:10BA6000C06850B9FFE703994B6847A0021D002B3F
:10BA700018BF10460068086005E003990020C7F66B
:10BA8000C0700860FFE771E003988068E0BBFFE7E3
:10BA90000398C06888B9FFE70398426834A000F1B2
:10BAA0000801002A18BF084690ED000B51EC100B5E
:10BAB000F4F7E7FD0399086025E003984168BFEEBD
:10BAC000001AB7EE000A002918BFB0EE410A90ED47
:10BAD000031AB8EE411A9FED2A2A81EE021A20EECF
:10BAE000010A8DED020AB0EE000ADFED260A01F030
:10BAF000A5FE0398B0EE401A9DED020A20EE010A61
:10BB000080ED000AFFE730E00398C16841F40001CE
:10BB100000EE101AB8EE400A9FED191A80EE010AE5
:10BB20008DED040A41688068BFEE001AB7EE000A86
:10BB3000002918BFB0EE410A9DED041A20EE010A5B
:10BB40008DED010A7F3800EE100AF8EE400AB0EEE3
:10BB5000000A01F073FE0398B0EE401A9DED010A51
:10BB600020EE010A80ED000AFFE7FFE706B080BD86
:10BB70000000000000000000000000000000008045
:10BB80000000004B0000FCC20000807F000080FF2E
:10BB900082B0019001980069009001984168806826
:10BBA00088600199486889684860009840680199F0
:10BBB000884205D1FFE7019880680099486000E05D
:10BBC000FFE70199002008610099086801380860C2
:10BBD0000098006802B0704783B002900191009213
:10BBE000029944F69C60C2F200000860019944F694
:10BBF0009C40C2F20000086000998020086003B0F9
:10BC00007047000083B0029001910092029945F2C2
:10BC1000F820C2F200000860019944F6F860C2F210
:10BC20000000086000994FF48070086003B070470E
:10BC300081B00090009901F10800486000994FF030
:10BC4000FF308860009901F10800C860009901F197
:10BC50000800086100990020086001B070470000EA
:10BC600081B0009000990020086101B07047000089
:10BC700084B003900291029800680090009801300F
:10BC800020B9FFE703980069019010E0039808309D
:10BC90000190FFE70198406800680099884205D844
:10BCA000FFE7FFE7019840680190F3E7FFE701989D
:10BCB000406802994860029841688860019802993A
:10BCC0008860029801994860039802990861039975
:10BCD00008680130086004B07047000083B002902B
:10BCE000019102984068009000980199486000987E
:10BCF0008068019988600198009989684860019876
:10BD000000998860029801990861029908680130D9
:10BD1000086003B070470000DFF80C00016841F4D0
:10BD2000700101607047000088ED00E082B04FF0C4
:10BD3000500080F31188BFF36F8FBFF34F8F0190D6
:10BD400040F21800C2F20000016801310160006891
:10BD5000012814D1FFE74EF60450CEF2000000682F
:10BD6000000658B1FFE74FF0500080F31188BFF391
:10BD70006F8FBFF34F8F0090FFE7FEE7FFE702B042
:10BD80007047000082B040F21800C2F20000006864
:10BD900058B9FFE74FF0500080F31188BFF36F8F61
:10BDA000BFF34F8F0090FFE7FEE740F21800C2F2AA
:10BDB0000000016801390160006830B9FFE7002028
:10BDC0000190019880F31188FFE702B070470000EE
:10BDD00080B586B0039003980290039800285CD049
:10BDE000FFE7029808380290029801900198406895
:10BDF00045F2C031C2F20001096808420BD1FFE7E9
:10BE00004FF0500080F31188BFF36F8FBFF34F8F57
:10BE10000590FFE7FEE70198006858B1FFE74FF093
:10BE2000500080F31188BFF36F8FBFF34F8F0490E2
:10BE3000FFE7FEE70198406845F2C031C2F2000119
:10BE40000968084227D0FFE70198006808BBFFE7B0
:10BE500045F2C030C2F20000026801994868904380
:10BE6000486000F0EBF90198426845F2EC31C2F20B
:10BE700000010868104408600198FEF701FE45F2D1
:10BE80000441C2F2000108680130086001F0A0F925
:10BE900000E0FFE700E0FFE7FFE706B080BD00003D
:10BEA0004EF21001CEF20001002008604EF218029E
:10BEB000CEF20002106040F20800C2F200000068FA
:10BEC00044F6D352C1F26202A0FB02024FF0FF30EF
:10BED00000EB92104EF21402CEF200021060072026
:10BEE0000860704784B0EFF3058001900198102836
:10BEF0001ED3FFE701984EF2F031CEF20001405C14
:10BF00008DF803009DF8030044F67C41C2F2000165
:10BF1000097888420BDAFFE74FF0500080F3118870
:10BF2000BFF36F8FBFF34F8F0390FFE7FEE7FFE78D
:10BF30004EF60C50CEF20000006800F4E06044F6CB
:10BF40008041C2F20001096888420BD9FFE74FF037
:10BF5000500080F31188BFF36F8FBFF34F8F0290B3
:10BF6000FFE7FEE704B0704783B002900191002024
:10BF70000090FFE7009807281DD8FFE7009945F2D9
:10BF80002040C2F2000050F8310070B9FFE701987C
:10BF9000009A45F22041C2F2000141F832000298B5
:10BFA000009A01EBC201486005E0FFE7FFE7009857
:10BFB00001300090DEE703B07047000080B584B028
:10BFC00003900291019203980090FFF7AFFE009852
:10BFD00090F94400013028B9FFE70099002081F86A
:10BFE0004400FFE7009890F94500013028B9FFE7C9
:10BFF0000099002081F84500FFE7FFF7C3FE009895
:10C00000806B38B9FFE7009824300299019A00F05C
:10C010007BF800E0FFE70098FFF760F804B080BD10
:10C0200080B584B00290002001900298E0B1FFE753
:10C0300044F69040C2F20000006858B1FFE74FF0AC
:10C04000500080F31188BFF36F8FBFF34F8F0390C1
:10C05000FFE7FEE700F0F2F802980021FEF744F94E
:10C0600001F0B6F8019000E0FFE7019860B9FFE742
:10C070004EF60451CEF200014FF080500860BFF33D
:10C080004F8FBFF36F8F00E0FFE704B080BD00006B
:10C0900081B0009045F2FC30C2F2000000680099C7
:10C0A000086045F29440C2F20000006800994860C0
:10C0B00001B0704745F2A041C2F2000101200860C2
:10C0C0007047000080B584B002900191029858B981
:10C0D000FFE74FF0500080F31188BFF36F8FBFF37D
:10C0E0004F8F0390FFE7FEE7029840F65031C2F20F
:10C0F000000109681831FFF7BBFD01980121FEF727
:10C10000F3F804B080BD000080B584B002900191C6
:10C110000092029858B9FFE74FF0500080F3118861
:10C12000BFF36F8FBFF34F8F0390FFE7FEE70298D7
:10C1300040F65031C2F2000109681831FFF7CEFD18
:10C14000009820B1FFE74FF0FF300190FFE7019822
:10C150000099FEF7C9F804B080BD000080B58AB030
:10C16000002003900690059006A805A904AAFFF7F1
:10C1700033FD039B049A0599DDF818C06846C0F8A2
:10C1800008C0416003604AF64D00C0F6000040F26E
:10C19000DD11C0F6010100F0CDFD014645F2F030A1
:10C1A000C2F200000160006818B1FFE701200790AB
:10C1B00002E000200790FFE70798012804D1FFE77D
:10C1C00001F0CAF8079000E0FFE70798012823D1A3
:10C1D000FFE74FF0500080F31188BFF36F8FBFF37C
:10C1E0004F8F099045F2F831C2F200014FF0FF3055
:10C1F000086045F26041C2F200010120086045F28A
:10C200009441C2F200010020086000F083F808B1F8
:10C21000FFE700E0FFE70FE00798013058B9FFE7BC
:10C220004FF0500080F31188BFF36F8FBFF34F8F33
:10C230000890FFE7FEE7FFE70AB080BD44F69041B3
:10C24000C2F20001086801300860704783B044F60C
:10C250009040C2F20000006838B1FFE745F2A0410B
:10C26000C2F200010120086051E045F2A041C2F293
:10C2700000010020086044F69840C2F20000006807
:10C280000190FFE7019800EB800140F66830C2F2B0
:10C29000000050F8210090B9FFE7019858B9FFE776
:10C2A0004FF0500080F31188BFF36F8FBFF34F8FB3
:10C2B0000290FFE7FEE7019801380190E2E701985C
:10C2C00000EB800140F66830C2F2000000EB810014
:10C2D00000900099486840684860009948680831B3
:10C2E000884205D1FFE70099486840684860FFE749
:10C2F00000984068C06840F65031C2F20001086002
:10C30000019844F69841C2F200010860FFE703B0CB
:10C310007047000080B588B04EF60050CEF20000A5
:10C3200000684CF27121C4F20F1188420BD1FFE773
:10C330004FF0500080F31188BFF36F8FBFF34F8F22
:10C340000790FFE7FEE74EF60050CEF200000068CF
:10C350004CF27021C4F20F1188420BD1FFE74FF06D
:10C36000500080F31188BFF36F8FBFF34F8F06909B
:10C37000FFE7FEE74EF20040CEF2000003900178A6
:10C380000491FF21017000788DF80B009DF80B00DF
:10C3900000F0500044F67C41C2F20001087044F6FF
:10C3A0008041C2F2000107200860FFE79DF80B0002
:10C3B000000600280DD5FFE744F68041C2F20001D7
:10C3C0000868013808609DF80B0040008DF80B00EC
:10C3D000ECE744F68040C2F20000006803280BD06E
:10C3E000FFE74FF0500080F31188BFF36F8FBFF36A
:10C3F0004F8F0590FFE7FEE744F68041C2F200014F
:10C40000086800020860086800F4E06008600498AA
:10C410004EF20041CEF2000108704EF62051CEF2ED
:10C420000001086840F470000860086840F070403F
:10C430000860FFF735FD40F21801C2F2000100204C
:10C4400001900860FFF768FC4EF63471CEF20001EF
:10C45000086840F040400860FEF7E6FBFFF7F6FE94
:10C46000FEF706FE019808B080BD000080B582B0DE
:10C470004FF0500080F31188BFF36F8FBFF34F8FE1
:10C48000009000F0E5FC40B1FFE74EF60451CEF21B
:10C4900000014FF080500860FFE7002001900198F4
:10C4A00080F3118802B080BD80B590B084461298A8
:10C4B000CDF828C00991089207938DF81B000A98BF
:10C4C00058B9FFE74FF0500080F31188BFF36F8F2A
:10C4D000BFF34F8F0F90FFE7FEE7079858B9FFE7CC
:10C4E0004FF0500080F31188BFF36F8FBFF34F8F71
:10C4F0000E90FFE7FEE708990020039031B1FFE7B7
:10C500000998B0FA80F040090390FFE70398C0074C
:10C5100058B1FFE74FF0500080F31188BFF36F8FE1
:10C52000BFF34F8F0D90FFE7FEE7089900200290C0
:10C5300031B9FFE70998002818BF01200290FFE7F2
:10C540000298C00758B1FFE74FF0500080F3118800
:10C55000BFF36F8FBFF34F8F0C90FFE7FEE75020C4
:10C560000490049850280BD0FFE74FF0500080F360
:10C570001188BFF36F8FBFF34F8F0B90FFE7FEE77C
:10C58000049807980590059888B1FFE70599012060
:10C5900081F846000A980999089A9DF81B30DDF841
:10C5A00014C0EE46CEF800C0FEF76CF900E0FFE7DD
:10C5B000059810B080BD000080B584B00290019154
:10C5C00002980090009858B9FFE74FF0500080F3B0
:10C5D0001188BFF36F8FBFF34F8F0390FFE7FEE724
:10C5E000FFF7A4FB00990B68C86B0A6C00FB0230D4
:10C5F0008860009900208863009908684860009965
:10C600000B68C86B0A6C013800FB0230C8600099E7
:10C61000FF2081F84400009981F845000198D0B9C5
:10C62000FFE700980069A0B1FFE70098103000F024
:10C6300067FD60B1FFE74EF60451CEF200014FF006
:10C6400080500860BFF34F8FBFF36F8F00E0FFE7AC
:10C6500000E0FFE708E000981030FFF7E9FA0098E3
:10C660002430FFF7E5FAFFE7FFF78CFB012004B069
:10C6700080BD000080B592B00C900B910A92099396
:10C68000002008900C980490049858B9FFE74FF0E8
:10C69000500080F31188BFF36F8FBFF34F8F11905D
:10C6A000FFE7FEE70B990020039039B9FFE70498F4
:10C6B000006C002818BF01200390FFE70398C00713
:10C6C00058B1FFE74FF0500080F31188BFF36F8F30
:10C6D000BFF34F8F1090FFE7FEE709990020022972
:10C6E000029007D1FFE70498C06B013818BF012002
:10C6F0000290FFE70298C00758B1FFE74FF05000E3
:10C7000080F31188BFF36F8FBFF34F8F0F90FFE758
:10C71000FEE700F077FB01460020019031B9FFE70A
:10C720000A98002818BF01200190FFE70198C00770
:10C7300058B1FFE74FF0500080F31188BFF36F8FBF
:10C74000BFF34F8F0E90FFE7FEE7FFE7FFF7EEFA2C
:10C750000498806B0499C96B884204D3FFE7099859
:10C76000022834D1FFE704980B99099AFDF75AFF84
:10C7700007900498406AA0B1FFE70498243000F0C5
:10C78000BFFC60B1FFE74EF60451CEF200014FF05E
:10C7900080500860BFF34F8FBFF36F8F00E0FFE75B
:10C7A00010E0079860B1FFE74EF60451CEF20001A9
:10C7B0004FF080500860BFF34F8FBFF36F8F00E0E2
:10C7C000FFE7FFE7FFF7DEFA01200D9065E00A982A
:10C7D00028B9FFE7FFF7D6FA00200D905DE0089832
:10C7E00030B9FFE705A8FFF753FC0120089000E0EF
:10C7F000FFE7FFE7FFE7FFF7C5FAFFF71FFDFFF7CA
:10C8000095FA049890F94400013028B9FFE704999B
:10C81000002081F84400FFE7049890F945000130BA
:10C8200028B9FFE70499002081F84500FFE7FFF7EA
:10C83000A9FA05A80AA900F0C7F928BBFFE70498E0
:10C84000FEF7DAF9C8B1FFE7049810300A99FFF74C
:10C8500039FC0498FEF742FC00F0BAFC60B9FFE72F
:10C860004EF60451CEF200014FF080500860BFF345
:10C870004F8FBFF36F8FFFE705E00498FEF72EFCA4
:10C8800000F0A6FCFFE707E00498FEF727FC00F0A5
:10C890009FFC00200D9000E058E70D9812B080BD7D
:10C8A00080B592B00B900A91099208930B9805906D
:10C8B000059858B9FFE74FF0500080F31188BFF397
:10C8C0006F8FBFF34F8F0E90FFE7FEE70A990020AE
:10C8D000029039B9FFE70598006C002818BF0120C5
:10C8E0000290FFE70298C00758B1FFE74FF05000F1
:10C8F00080F31188BFF36F8FBFF34F8F0D90FFE769
:10C90000FEE7089900200229019007D1FFE705986A
:10C91000C06B013818BF01200190FFE70198C007E4
:10C9200058B1FFE74FF0500080F31188BFF36F8FCD
:10C93000BFF34F8F0C90FFE7FEE7FFF7D3FAEFF35B
:10C9400011814FF0500080F31188BFF36F8FBFF358
:10C950004F8F10910F90109806900598806B059955
:10C96000C96B884204D3FFE70898022833D1FFE758
:10C97000059890F845008DF813000598806B03909A
:10C9800005980A99089AFDF74DFE9DF913000130AC
:10C99000B8B9FFE70598406A88B1FFE705982430E9
:10C9A00000F0AEFB48B1FFE7099820B1FFE7099915
:10C9B0000120086000E0FFE700E0FFE700E0FFE79C
:10C9C00006E09DF813000130059981F84500FFE766
:10C9D0000120079002E000200790FFE706981190E1
:10C9E000119880F31188079812B080BD80B58EB081
:10C9F00009900891079200200690099803900398E7
:10CA000058B9FFE74FF0500080F31188BFF36F8FE4
:10CA1000BFF34F8F0D90FFE7FEE7089900200190CC
:10CA200039B9FFE70398006C002818BF0120019076
:10CA3000FFE70198C00758B1FFE74FF0500080F3BF
:10CA40001188BFF36F8FBFF34F8F0C90FFE7FEE7A6
:10CA500000F0D8F901460020009031B9FFE70798AF
:10CA6000002818BF01200090FFE70098C00758B1C8
:10CA7000FFE74FF0500080F31188BFF36F8FBFF3D3
:10CA80004F8F0B90FFE7FEE7FFE7FFF74FF90398A3
:10CA9000806B0290029830B3FFE703980899FDF786
:10CAA0009FFD029801380399886303980069A0B13B
:10CAB000FFE70398103000F023FB60B1FFE74EF66C
:10CAC0000451CEF200014FF080500860BFF34F8F49
:10CAD000BFF36F8F00E0FFE700E0FFE7FFF752F9D9
:10CAE00001200A906DE0079828B9FFE7FFF74AF99F
:10CAF00000200A9065E0069830B9FFE704A8FFF728
:10CB0000C7FA0120069000E0FFE7FFE7FFE7FFF725
:10CB100039F9FFF793FBFFF709F9039890F94400FF
:10CB2000013028B9FFE70399002081F84400FFE7AE
:10CB3000039890F94500013028B9FFE703990020D8
:10CB400081F84500FFE7FFF71DF904A807A900F0E9
:10CB50003BF830BBFFE70398FEF73AF8D0B1FFE7A8
:10CB6000039824300799FFF7ADFA0398FEF7B6FA59
:10CB700000F02EFB60B9FFE74EF60451CEF2000143
:10CB80004FF080500860BFF34F8FBFF36F8F00E00E
:10CB9000FFE705E00398FEF7A1FA00F019FBFFE7B5
:10CBA0000EE00398FEF79AFA00F012FB0398FEF7E6
:10CBB0000FF818B1FFE700200A9002E0FFE7FFE757
:10CBC00063E70A980EB080BD80B588B005900491E7
:10CBD000059858B9FFE74FF0500080F31188BFF374
:10CBE0006F8FBFF34F8F0790FFE7FEE7049858B9A8
:10CBF000FFE74FF0500080F31188BFF36F8FBFF352
:10CC00004F8F0690FFE7FEE7FFF790F845F294405C
:10CC1000C2F2000000680290029805994968401A23
:10CC2000019004980068013018B9FFE700200390D4
:10CC30002BE045F2FC30C2F200000068059909685B
:10CC4000884209D0FFE7029805994968884203D3D2
:10CC5000FFE70120039017E00198049909688842D2
:10CC60000BD2FFE7019A04990868801A08600598BA
:10CC7000FFF70EFA0020039005E0049900200860F9
:10CC800001200390FFE7FFE7FFE7FFF77BF803983A
:10CC900008B080BD70B58CB0DDF844C0DDF840C090
:10CCA0000B900A91ADF826200893BDF8260080006D
:10CCB000FEF76CFA0590059880B1FFE75C20FEF75F
:10CCC00065FA0790079820B1FFE705980799086370
:10CCD00003E00598FFF77CF8FFE702E000200790EB
:10CCE000FFE70798F0B1FFE70798002680F8596042
:10CCF0000B980A99BDF82620089BDDF840C0119CCE
:10CD0000079DEE46CEF80C60CEF80850CEF80440F1
:10CD1000CEF800C0FDF7DAFD0798FDF74FFB0120C4
:10CD2000069003E04FF0FF300690FFE706980CB046
:10CD300070BD0000B0B58EB0DDF850C0DDF84CC05D
:10CD4000DDF848C00A90099108920793139858B9E2
:10CD5000FFE74FF0500080F31188BFF36F8FBFF3F0
:10CD60004F8F0D90FFE7FEE7149858B9FFE74FF09B
:10CD7000500080F31188BFF36F8FBFF34F8F0C907B
:10CD8000FFE7FEE75C20049004985C280BD0FFE7E7
:10CD90004FF0500080F31188BFF36F8FBFF34F8FB8
:10CDA0000B90FFE7FEE70498149820B3FFE7139871
:10CDB00008B3FFE71498069013980699086306993C
:10CDC000022081F859000A980999089A079BDDF812
:10CDD00048C0069CEE460025CEF80C50CEF8084020
:10CDE00005ACCEF80440CEF800C0FDF76FFD069804
:10CDF000FDF7E4FA02E000200590FFE705980EB089
:10CE0000B0BD000081B045F26040C2F20000006891
:10CE100018B9FFE7012000900DE044F69040C2F2FF
:10CE20000000006818B9FFE70220009002E000202F
:10CE30000090FFE7FFE7009801B0704781B045F22E
:10CE40009440C2F2000000680090009801B0704762
:10CE500080B586B00020029044F69040C2F20000F7
:10CE60000068002840F0CB80FFE745F29441C2F211
:10CE7000000108680130019001980860019858BBD2
:10CE8000FFE740F65830C2F200000068006858B171
:10CE9000FFE74FF0500080F31188BFF36F8FBFF3AF
:10CEA0004F8F0590FFE7FEE740F65832C2F20002CE
:10CEB0001068009040F66031C2F20001086810600E
:10CEC0000098086045F2FC31C2F2000108680130A8
:10CED0000860FEF71DF800E0FFE7019845F2F83121
:10CEE000C2F200010968884268D3FFE7FFE740F615
:10CEF0005830C2F200000068006840B9FFE745F210
:10CF0000F831C2F200014FF0FF30086055E040F602
:10CF10005830C2F200000068C068C06804900498ED
:10CF20004068039001980399884207D2FFE703986D
:10CF300045F2F831C2F2000108603EE0FFE70498D4
:10CF40000430FEF725FE0498806A28B1FFE70498B4
:10CF50001830FEF71DFE00E0FFE70498C06A44F6B3
:10CF60009841C2F200010968884208D9FFE7049895
:10CF7000C06A44F69841C2F200010860FFE70499D4
:10CF8000C86A00EB800240F66830C2F2000000EB95
:10CF900082000431FEF7A2FE0498C06A40F65031C8
:10CFA000C2F200010968C96A884203D3FFE7012081
:10CFB000029000E0FFE7FFE799E7FFE740F6503017
:10CFC000C2F200000068C06A00EB800140F66830E1
:10CFD000C2F2000050F82100022803D3FFE701202D
:10CFE000029000E0FFE745F2A040C2F200000068B6
:10CFF00018B1FFE70120029000E0FFE707E045F2EB
:10D000000841C2F20001086801300860FFE7029899
:10D0100006B080BD80B586B00390039802900020D2
:10D0200001900398002867D0FFE7029840F650313E
:10D03000C2F20001096888420BD0FFE74FF05000B0
:10D0400080F31188BFF36F8FBFF34F8F0590FFE719
:10D05000FEE70298006D58B9FFE74FF0500080F3EB
:10D060001188BFF36F8FBFF34F8F0490FFE7FEE788
:10D070000299086D013808650299C86AC96C88422E
:10D0800038D0FFE70298006D90BBFFE702980430AC
:10D09000FEF77EFD08B9FFE700E0FFE70299C86CE4
:10D0A000C8620299C86AC0F1380088610298C06AF3
:10D0B00044F69841C2F200010968884208D9FFE7A6
:10D0C0000298C06A44F69841C2F200010860FFE786
:10D0D0000299C86A00EB800240F66830C2F2000094
:10D0E00000EB82000431FEF7F9FD0120019000E021
:10D0F000FFE700E0FFE700E0FFE7019806B080BD32
:10D1000080B584B002900298C068C0680190019810
:10D1100058B9FFE74FF0500080F31188BFF36F8FCD
:10D12000BFF34F8F0390FFE7FEE701981830FEF73B
:10D130002FFD44F69040C2F20000006820BBFFE7DC
:10D1400001980430FEF724FD0198C06A44F6984126
:10D15000C2F200010968884208D9FFE70198C06A55
:10D1600044F69841C2F200010860FFE70199C86ADD
:10D1700000EB800240F66830C2F2000000EB820053
:10D180000431FEF7ABFD09E0019800F1180145F20A
:10D190000C40C2F20000FEF7A1FDFFE70198C06A53
:10D1A00040F65031C2F200010968C96A884208D9C4
:10D1B000FFE70120009045F2A041C2F200010860A3
:10D1C00002E000200090FFE7009804B080BD00005E
:10D1D00080B584B000200290019044F69040C2F2E5
:10D1E0000000006858B9FFE74FF0500080F3118845
:10D1F000BFF36F8FBFF34F8F0390FFE7FEE7FEF79C
:10D2000095FD44F69040C2F20000016801390160CA
:10D210000068002840F09980FFE744F68840C2F299
:10D2200000000068002800F08F80FFE7FFE745F26C
:10D230000C40C2F200000068002842D0FFE745F22F
:10D240000C40C2F20000C068C0680290029818301A
:10D25000FEF79EFC02980430FEF79AFC0298C06A22
:10D2600044F69841C2F200010968884208D9FFE7F4
:10D270000298C06A44F69841C2F200010860FFE7D4
:10D280000299C86A00EB800240F66830C2F20000E2
:10D2900000EB82000431FEF721FD0298C06A40F6DF
:10D2A0005031C2F200010968C96A884207D3FFE71A
:10D2B00045F2A041C2F200010120086000E0FFE752
:10D2C000B5E7029818B1FFE7FDF722FEFFE745F248
:10D2D0000840C2F20000006800900098E0B1FFE74B
:10D2E000FFE7FFF7B5FD38B1FFE745F2A041C2F215
:10D2F00000010120086000E0FFE70098013800907D
:10D30000FFE700980028ECD1FFE745F20841C2F2A0
:10D3100000010020086000E0FFE745F2A040C2F2F3
:10D320000000006870B1FFE7012001904EF6045143
:10D33000CEF200014FF080500860BFF34F8FBFF373
:10D340006F8F00E0FFE7FFE700E0FFE7FEF71AFD61
:10D35000019804B080BD000080B58AB0002008901C
:10D36000FDF7BEF845F29840C2F20000006858B3DD
:10D37000FFE7002004900790069007A806A905AAD9
:10D38000FEF740FC049B059A0698DDF81CC0694630
:10D39000C1F808C04860022008604BF2BD00C0F62A
:10D3A000000040F2E711C0F60101FFF7C3FC01469F
:10D3B00045F29C40C2F200000160006818B1FFE72E
:10D3C00001200890FFE700E0FFE7089858B9FFE761
:10D3D0004FF0500080F31188BFF36F8FBFF34F8F72
:10D3E0000990FFE7FEE708980AB080BD80B58AB0D3
:10D3F000DDF830C008900791069205930020049054
:10D40000089858B9FFE74FF0500080F31188BFF338
:10D410006F8FBFF34F8F0990FFE7FEE745F298400B
:10D42000C2F200000068A8B3FFE7079800900698D2
:10D43000019008980290079805281EDCFFE7FFF787
:10D44000E1FC02280CD1FFE745F29840C2F200004F
:10D4500000680C9A69460023FFF70CF904900BE072
:10D4600045F29840C2F200000068694600231A465F
:10D47000FFF700F90490FFE70BE045F29840C2F295
:10D4800000000068059A69460023FFF709FA049036
:10D49000FFE700E0FFE704980AB080BD0FB4054B3A
:10D4A00010B503A9044A029800F0AAFF10BC5DF869
:10D4B00014FB0000699E00080000002041000802E3
:10D4C00018BF04200A0E18BF40F001004FF07F4241
:10D4D00032EA010108BF40F00200012808BF052020
:10D4E0007047000010B510EE104A4FF0194069491E
:10D4F000002200EB44002DED028B884257D8DFED6F
:10D50000660A14F0004F60EE200A14BFBEEE001A47
:10D51000B6EE001A71EE200AFDEEE00A10EE900A57
:10D5200000EE900AF8EEE00A9FED5C1A00EEC10AE8
:10D530009FED5B1A00EEC10ADFED5A0A9FED5A1A01
:10D5400000EE201ADFED590A40EE010A9FED581A4D
:10D55000584B00F0030100EE201A21EE000A7B4434
:10D5600003EB8103D3ED000A534B7B4403EB8103B0
:10D5700093ED001A514B41EE000A7B4403EB81010D
:10D58000801091ED000A70EE800AEABB00EE100AEE
:10D59000B8EEC01ADFED4A1A9FED4A0ABDEC028BC5
:10D5A00001EE210ABCEEC00A20EE200A10BD4FF0A9
:10D5B000FF40A0431DD04FF0CE40B0EB440F81BFE1
:10D5C000F7EE000A30EE200ABDEC028B10BD3E489B
:10D5D000B0EB440F28BF012291D2022000F048FE98
:10D5E00014F0004F15D0BDEC028BBDE8104000F0E8
:10D5F0007DBD14F5000F02BF9FED340ABDEC028B18
:10D6000010BDBDEC028B00E009E0BDE8104000F069
:10D6100057BDBDEC028BBDE8104000F05FBD00EBD4
:10D62000D07359104FF07E5202EBC15100EE101A28
:10D63000A0EB630002EBC05060EE200A00EE100A7F
:10D6400020EE208A18EE100A88B118EE100AB0F108
:10D65000FF4F15D018EE100AFFF730FF042808BF5F
:10D6600000F044FDB0EE480ABDEC028B10BD022074
:10D6700000F0FEFDBDEC028BBDE8104000F036BDB1
:10D68000022000F0F5FDBDEC028BBDE8104000F07B
:10D6900025BD00000000501E3BAAB8400070313E7E
:10D6A000F4FD053712BB2A3D12BB2A3EFFFFFF3EA9
:10D6B000FFFF7F3FDE150000E2150000B2150000FD
:10D6C0000000004B00007E4E0000A085000000001E
:10D6D00010EE100A10B50023A0F50001B1F1FE4FC5
:10D6E00067D200BF00F500216FF07E0202EBE15C23
:10D6F000C1F302524FF07E5101EB025100EE901A3D
:10D70000A0EBCC5003EB0C0100EE100A51EA020032
:10D7100036D030EE601A70EE200A9FED3D2A3E486A
:10D7200081EE200A9FED3B1A60EE000A00EE821A9D
:10D7300060EE201A61EE810A784401EE101A00EBC7
:10D7400082009FED362AB8EEC11AD0ED001A344897
:10D7500041EE021A784401EE101A00EB8200B8EE96
:10D76000C11A90ED002ADFED2F2A01EE222AB0EE39
:10D77000001A72EE200A40EE010A31EEA00A10BD36
:10D78000F7EE000A9FED291A30EE600ADFED260A57
:10D7900000EE201ADFED260A60EE001A40EE010AC4
:10D7A0009FED241A00EE201A61EE810A30EE200A65
:10D7B00010BD4FF07F41B1EB400F03D2BDE81040E8
:10D7C00000F07EBCB0F1FF4F08BF10BDB5EEC00A3F
:10D7D000F1EE10FA06D2012000F04AFDBDE810403B
:10D7E00000F074BCB5EEC00AF1EE10FA07D10220C9
:10D7F00000F03EFD00F05AFCB1EE400A10BDDFED36
:10D800000E0A6FF0160320EE200A10EE100A69E7E8
:10D8100066F1CC3EAAAA2A3F241400000070313FD2
:10D8200028140000F4FD053821ED423E0A1180BEA7
:10D83000C1ABAA3EFFFFFFBE0000004B10B510EECB
:10D84000100A2DED068BB7EE001A10EE901AB0EE0E
:10D85000418A0022A0F5000CDFEDFE9A4FF0007324
:10D86000BCF1FE4F4FF07F4403EB410C80F0B481DC
:10D87000BCF1804FC0F02082F74901449FEDF73A98
:10D88000B1F5005F40F2D48200F58021CB0C03F0AB
:10D890000F0101EE901AC3F307137F3BA0EBC350B7
:10D8A000B8EEE12A00EE100A1A44DFEDED2AF0EEA0
:10D8B000411A42EE221AF0EE613A70EE232A30EE5F
:10D8C000632A12EE900A00F500606FF30B0001EE80
:10D8D000900A73EEE13A33EE804AC1EE223A22EE2C
:10D8E000230A10EE100A00F500606FF30B0000EE43
:10D8F000100A00EE612A00EE442A62EE232A70EE3E
:10D90000221A21EEA12ADFEDD73A02EE233A23EEC6
:10D91000023A20EE012A22EE811A03EE211A32EE9B
:10D92000010A10EE100A00F500606FF30B0000EE24
:10D93000100A72EE401A31EE812A9FEDCB1A60EE8A
:10D94000011A9FEDCA1A20EE011A9FEDC90A02EED4
:10D95000001A31EE810A10EE100A00F500606FF334
:10D960000B0000EE100AC34871EEC01A31EE812A96
:10D97000784400EBC10090ED003AD0ED011A10019F
:10D9800001EE100AF8EEC12A32EE211A31EE001A29
:10D9900031EE031A31EE221A11EE100A00F5006082
:10D9A0006FF30B0009EE100A39EE621A31EE431ADA
:10D9B00031EE400A30EE610A32EE40AA10EE900AD3
:10D9C000002100F500606FF30B0008EE900A084696
:10D9D00070EEE8AAF2F7CEFF29EE280A00F00C015B
:10D9E000F0EEC00A10EE900AB0F18B4F0DDD10EE94
:10D9F000900AB4EB400F08D310EE100A4FF08B42A0
:10DA000062F31E0008EE900A13E069EE2A0A38EE6F
:10DA1000AA1A4AEE010A30EE201A11EE100A00F599
:10DA200000606FF30B0008EE900A30EE680A70EEAB
:10DA3000209A0C20F2F79EFF38EEA90AB5EEC00A34
:10DA4000F1EE10FA34BFFEEE000AF6EE000A30EEF8
:10DA5000800ABDEEC00A10EE100A011100EE101A85
:10DA6000F8EEC00A00EE100AB8EEC00A38EEC00A9E
:10DA700030EE290ADFED801A9FED801A00EE211AA0
:10DA8000DFED7F1A7F4900F00F0040EE011A21EE12
:10DA9000800A794401EB800191ED001A7A497944BA
:10DAA00001EB8001D1ED001A784901EE801A79442A
:10DAB00001EB8000764990ED000A31EE001AB0EEDD
:10DAC000E00A10EE100A884215DA10EE100AB4EBE4
:10DAD000400F10D39FED6F0A30EE800ADFED6E0A23
:10DAE00020EE200A68EE010ABDEC068BBCEEC00AEF
:10DAF00020EE200A10BD10EE100A6849884243DA71
:10DB000010EE100AB4EB400F3ED3BDEEE00A68EE13
:10DB1000010A10EE100A00EBD0725110C90501F194
:10DB20007E5100EE101AA0EB6200C00560EE200AE4
:10DB300000F17E5000EE100A60EE808A18EE900A26
:10DB4000B4EB400F0FD1022000F092FB00F0C6FAB8
:10DB500010EE101A18EE100ABDEC068B61F31E00D1
:10DB600000EE100A10BD18EE900A400011D018EE19
:10DB7000900AFFF7A3FC042808BF00F0B7FAB0EE44
:10DB8000680ABDEC068B10BDF5EEC00AF1EE10FA86
:10DB90000FD2022000F06CFB00F0A8FA10EE101A71
:10DBA00018EE100ABDEC068B61F31E0000EE100AA1
:10DBB00010BD022000F05CFB00F090FA10EE101A8D
:10DBC000B0EE480A10EE100ABDEC068B61F31E00A1
:10DBD00000EE100A10BD00BFBCF1804F6CD300BF37
:10DBE00000F1FF43B3F1FE4F24D200BFB0EEC00AF4
:10DBF00010EE100AC1F3C7537F2B0DDB972BBFF636
:10DC00003BAEC3F196034FF0010C0CFA03F3A3F102
:10DC1000010C1CEA010F08D0012000F029FBBDEC2B
:10DC2000068BBDE8104000F051BA0B4218BFBFEEA2
:10DC3000008A21E643001CBF4FF08073B3EB400F16
:10DC400034D96FF01A02DFED161A20EE210A10EE19
:10DC5000100A27E000000000001080C0ABAAAA3E16
:10DC60000000803D7EE24C3E00B03842D49AB8BB02
:10DC70003BAA38422C120000FC596337C9FF753AA1
:10DC80001872313DCA110000FE1100006E11000033
:10DC90000000FC420000FE420000004B0000404338
:10DCA0000000004D10F0004FA0D1E5E5A0F5000305
:10DCB000B3F1FE4F21D2DFE503EB4103B3F1007F67
:10DCC00011D3F5EEC00AF1EE10FA05D1430018BFEA
:10DCD000B4EB400F76D883E701F0004141F0FC51EE
:10DCE00000EE901A7CE7B3F1807F06D210EE903AF6
:10DCF000A3F5000300EE903A72E720F000426FF0C7
:10DD0000FF4C604C02EB0C03A34210D321F0004304
:10DD10009C44A4450BD3B0F17E5F18BF5FEA410C71
:10DD200050D0B2F1FF4F98BFB3F1FF4F05D9BDEC12
:10DD3000068BBDE8104000F0C6B9B0F1FF4F0FD020
:10DD4000C1F3C7527F2A09DB972A11DAC2F1960282
:10DD5000012303FA02F2531E0B4205D0002208E011
:10DD600011F0004F55D128E00A4218BF012200D11E
:10DD7000022210F5000F13D028B3B0F1004F26D0C7
:10DD800010F1814F4FD04FF0FE42B2EB400F94BFE5
:10DD900001200020012202EBE171884239D10CE020
:10DDA00011F0004F02D0012A38D032E0012A02BF20
:10DDB0009FED350ABDEC068B10BD9FED340ABDEC1E
:10DDC000068B10BD2FE011F0004F0CD121E0B1F116
:10DDD000FF4F1ED011F5000F05D011F0004F15D0E8
:10DDE0000AB1012A08D0022000F042FABDEC068BED
:10DDF000BDE8104000F05AB9022000F039FA00F0F6
:10DE000055F9BDEC068BB1EE400A10BD0AB1012AEE
:10DE100004D0B0EE690ABDEC068B10BDBDEC068BDC
:10DE20009FED1B0A10BDBDEC068BB7EE000A10BDBE
:10DE300030EE410AB5EE001A9FED172A00EE413A86
:10DE4000B6EE001A60EE001A00EE431A61EEC11A37
:10DE50009FED101A20EE011A20EE020A9FED0F2A04
:10DE600001EE820A71EE001A11EE900A00F50060D0
:10DE70006FF30B0009EE100A31EE491A31EE00AAD9
:10DE80009CE50000FFFF3F00000080FF0000807F56
:10DE90000000008000B0B841D49A38BB3BAAB8411A
:10DEA00000B510EE101A2DED028B81B0524A684673
:10DEB000B2EB410F2ED94FF0E640B0EB410F94BFCB
:10DEC00000204FF0FF3000900098B0EE408A00280C
:10DED0006ADB10F0010F4BD068EE080A9FED471A7D
:10DEE0009FED470A00EE810A9FED461A10F0020FDF
:10DEF00000EE801AB7EE000A00EE810A02BF01B000
:10DF0000BDEC028B00BD00BF01B0B1EE400ABDEC1C
:10DF1000028B00BD3C4B21F00042934241D911F0ED
:10DF2000004FDFED3A0A20EE201ADFED390A19BF63
:10DF300031EE601A71EE200A31EE201A71EE600A9D
:10DF4000BDEEE01A11EE100A9FED321A00F0030048
:10DF500000EEC10A9FED301A009000EEC10A9FED5D
:10DF60002F1A00EEC10A9FED2E1A00EEC10AABE790
:10DF700028EE080A9FED2B1ADFED2B0A10F0020F96
:10DF800040EE010A9FED291A00EE201A61EE000A08
:10DF9000B0EE480A08EE200AB6D101B0BDEC028B03
:10DFA00000BD00F0ABF88FE718EE100A4000B0F1AA
:10DFB0007F4F0DD218EE100AFFF780FA042808BF31
:10DFC00000F094F8B0EE480A01B0BDEC028B00BD41
:10DFD00009D1012000F04CF901B0BDEC028B5DF8D5
:10DFE00004EB00F073B801B0B0EE480ABDEC028B50
:10DFF0005DF804EB00F064B8B61F927EB93AB2BA8D
:10E00000CA9F2A3DDDFFFFBE490E494683F9223FE4
:10E010000000004B0000C93F00A0FD390020A233E2
:10E020001A61342C336D4CB9DA82083CA0AA2ABE9E
:10E0300000B52DED048BB0EE409AF0EE609A83B0FF
:10E0400051EC190BF2F714FC41EC180B18EE100A06
:10E0500018EE901A8DED008B002818BF01200843A0
:10E0600020F00040C0F17F6000F1E040C00F14D00C
:10E0700019EE101A19EE900A8DED009B002918BFB9
:10E080000121084320F00040C0F17F6000F1E04032
:10E09000C00F04BF012000F0EBF8B0EE480A03B057
:10E0A000F0EE680ABDEC048B00BD0000DFED030A52
:10E0B000B7EE001A81EE200A704700000000000051
:10E0C00030EE000A704730EE200A7047DFED020A9A
:10E0D00080EEA00A70470000000000009FED020AD9
:10E0E00020EE000A70470000000000709FED020A59
:10E0F00020EE000A70470000000000102DE9F0013A
:10E100004FF07F42B2EB410F9FBF4FF0FF310160F4
:10E11000BDE8F00170474FF0004242EA0123C1F32D
:10E12000C752783A551112F01F0C434CCCF120061F
:10E130007C44C1F3C752A2F178024FEA621204EBA9
:10E14000820254F8254008BFD2E9015612D0556822
:10E1500004FA0CF425FA06F73C43976805FA0CF527
:10E1600027FA06F8D26807FA0CFCF24045EA0805DF
:10E170004CEA0206A4FB034CA5FB0352A6FB036377
:10E180001D449D4234BF012600261319334416B1A5
:10E19000934202D903E0934201D2012200E000221F
:10E1A000624402F1200C9206DC0C42EA443200EE9A
:10E1B000102A5B03DFED210AF8EEC01A00EE103AD8
:10E1C0004FEA9C1C11F0004FB8EE400AC0F800C0A6
:10E1D00020EE201A00EE105ADFED190AB8EE400AC0
:10E1E00020EE200A71EE810A70EE800A10EE902A6D
:10E1F00002F500626FF30B0200EE902A70EEE11A56
:10E2000031EEC11ADFED101A30EE411A9FED0D0A02
:10E2100020EE800A01EE210A9FED0C1A00EE810A21
:10E2200004BFBDE8F0017047CCF180510160BDE84A
:10E23000F001B1EE400A7047AC0B00000000003660
:10E240000000802C22AAFD29DB0FC92F0000C92F56
:10E2500002E008C8121F08C1002AFAD170477047AF
:10E26000002001E001C1121F002AFBD1704700000D
:10E270000149086070470000040000202DE9FF5F9D
:10E2800082B00021DDE90430020DDDF840B0034327
:10E2900018D044F61050A2F2FF32424315141198E0
:10E2A00001281FD0A5EB0B00401C5FEA000A4FF0CD
:10E2B00000064E4FDFF83891B046504615D5CAF1EA
:10E2C000000413E0119801244AA3012801D16FEA48
:10E2D0000B010298119AC0E90031C0E9024206B070
:10E2E000BDE8F09FCBF10000DFE704460021404A83
:10E2F000491842EB0450CDE9001012E0E00707D0C6
:10E3000032463B4640464946F2F768F88046894621
:10E3100032463B4610461946F2F760F806460F466D
:10E320006410002CEAD1DDE90401DDE90023BAF133
:10E33000000F06DAF2F752F842464B46F2F74EF873
:10E3400005E0F2F7BDF842464B46F2F7B9F804464D
:10E350000E460022284BF2F7F5FA03D84FF0FF30B3
:10E36000014607E00022254B20463146F1F78FFF9A
:10E37000F2F7CFFA102409E0002C0ADB0A2200236E
:10E38000F1F730FF039B30321A55641E50EA010248
:10E39000F2D1641C039AC4F111031444119A012AA6
:10E3A00003D0012208430DD10AE0084304D0002025
:10E3B0004FF0110B119072E7A3EB0B056D1E0DE0F2
:10E3C0005B4504DD4FF0000205F1010504E003DACE
:10E3D0004FF00002A5F10105002AECD00298119936
:10E3E000C0E90231C0E9004579E7000000001440AF
:10E3F0000000F03F300000000000F0430000E03F6C
:10E400002DE9FF4F95B09B468946064600250FE251
:10E41000252877D100242746F84A0121059400E0F9
:10E42000044316F8013F203B01FA03F01042F7D1F4
:10E4300030782A2811D06FF02F033078A0F1300205
:10E44000092A16D8059A44F0020402EB820203EB73
:10E4500042021044761C0590EFE759F8042B059210
:10E46000002A03DA504244F40054059044F00204B8
:10E47000761C30782E2816D116F8010F44F00404CB
:10E480002A280DD06FF02F023078A0F13003092B2D
:10E4900009D807EB870302EB4303C718761CF3E7A1
:10E4A00059F8047B761C30786C280FD006DC4C2899
:10E4B00017D068280DD06A2814D104E0742810D031
:10E4C0007A280FD10DE044F400140AE044F48014DB
:10E4D00001E044F440147278824202D104F58014C1
:10E4E000761C761C307866280BD013DC582877D041
:10E4F00009DC002875D04528F6D04628F4D04728F6
:10E500001AD19DE118E0632835D0642879D06528B8
:10E5100012D195E1702873D008DC6728F1D0692802
:10E520006FD06E280DD06F2806D1B5E073282CD09F
:10E53000752875D0782874D05A46179990476D1C65
:10E5400075E1C4F30250022809D003280DD0D9F890
:10E55000001004280DD00D6009F1040967E1D9F815
:10E560000010EA17C1E90052F6E7D9F800100D8053
:10E57000F2E70D70F0E719F8041B8DF80010002089
:10E580008DF80100EA46012003E059F804AB4FF092
:10E59000FF3061074FF0000102D40DE008F10101E6
:10E5A0008846B9420FDA8045F8DB1AF808100029CE
:10E5B000F4D108E008F1010188468142FADB1AF83B
:10E5C00008100029F6D105985B46A0EB0807214604
:10E5D0003846179A00F094FA284400EB080507E043
:10E5E0004DE029E10DE01AF8010B5A4617999047C2
:10E5F000B8F10108F7D25B4621463846179A13E175
:10E6000042E00A220092C4F302524FF0000A022AAA
:10E6100008D059F804CB032A4FEAEC710AD00DE078
:10E6200029E02AE009F1070121F00702F2E802C11E
:10E63000914609E00FFA8CFC4FEAEC71042A03D1F1
:10E640004FFA8CFC4FEAEC71002907DA0A460021E8
:10E65000DCF1000C61EB02012D2202E0220504D561
:10E660002B228DF80420012203E0E20701D02022B2
:10E67000F7E7904659E00A2102E010220DE0102150
:10E680004FF0000A00910BE010224FF0000A44F016
:10E6900004040827009203E008224FF0000A0092C9
:10E6A000C4F30252022A05D059F804CB0021032AF0
:10E6B00008D009E009F1070121F00702F2E802C1E0
:10E6C000914605E01FFA8CFC042A01D10CF0FF0CE6
:10E6D0004FF00008220728D5702806D0009B83F051
:10E6E000100353EA0A0305D00EE040228DF80420FF
:10E6F000012208E05CEA010206D030228DF80420F5
:10E700008DF8050002229046009B83F0080353EA2F
:10E710000A030AD15CEA010201D1620705D5302261
:10E720008DF804204FF001087F1E582804D034A033
:10E7300003900EA802900DE036A0F9E7534660461C
:10E74000009AF1F74FFD84460398825C0298401EC0
:10E75000029002705CEA0100F0D1029806A9081A42
:10E7600000F1200A600702D524F4803400E001277C
:10E77000574502DDA7EB0A0000E0002000EB0A018C
:10E78000009005984144401A0590E00306D45B468A
:10E790002146179A059800F0B3F90544002706E0D2
:10E7A00001A85A46C05D179990476D1C7F1C4745CC
:10E7B000F6DBE0030CD55B462146179A059800F07E
:10E7C0009FF9054404E030205A46179990476D1C84
:10E7D0000099481E00900029F5DC08E00298029993
:10E7E0005A460078491C0291179990476D1CBAF15E
:10E7F0000001AAF1010AF1DC65E10000092801002D
:10E8000030313233343536373839616263646566A6
:10E810000000000030313233343536373839414268
:10E82000434445460000000000F058F90544761CBA
:10E83000307800287FF4ECAD19B02846BDE8F08FA1
:10E84000620700D4062709F1070222F0070CFCE852
:10E850000223E14603F000485FEA080C02D00FF201
:10E86000702C0DE05FEA045C02D50FF2682C07E023
:10E870005FEAC47C02D00FF2602C01E0AFF2700CB2
:10E880004FF0FF3823F00043CDF850C065280CD07E
:10E8900006DC452809D046281DD047283DD13DE05B
:10E8A000662818D067287ED138E00021112F01DBBF
:10E8B000112000E0781CCDE9000106A90EA8FFF7A1
:10E8C000DDFCDDE90F010E9A03910021009207F1B2
:10E8D000010A04914DE04FF000400097CDE901108E
:10E8E00006A90EA8FFF7CAFCDDE90F0203920E9BF2
:10E8F00011990022DDF80CA00093049211B9791C43
:10E9000000EB010AB7EB0A0004D4C0F1FF3007F1B5
:10E91000010A0490AAEB0700019044E0012F00DAFD
:10E9200001270021112F01DD112000E03846CDE93B
:10E93000000106A90EA8FFF7A1FCDDE90F010E9A60
:10E940000391002104910092BA4621070CD4039947
:10E95000514500DA8A46BAF1010F05DD009AAAF1A5
:10E960000101515C302908D0B84202DA10F1040FDD
:10E9700006DA0121CDE9011015E0AAF10101E9E76C
:10E98000002805DC049901440491AAEB000102E08F
:10E99000411C514500DD8A460499401A401C0190F3
:10E9A0004FF000400290200704D40198504501DB4D
:10E9B000CDF8048000208DF84F0002980DF14F072C
:10E9C000B0F1004F25D02B200E9002984FF0020896
:10E9D00000280CDA404202902D200E9007E00A2118
:10E9E0000298F1F76AFE3031029007F8011DB8F184
:10E9F0000001A8F10108F2DC02980028EFD1791E8D
:10EA00000E980870307800F0200040F0450007F8BC
:10EA1000020D12A8C01B00F107081498007800B17D
:10EA2000012000EB0A01019801EBE07105984144D7
:10EA3000401A401E0590E00306D45B462146179A13
:10EA4000059800F05DF805441498007818B15A460E
:10EA5000179990476D1CE00324D55B462146179A11
:10EA6000059800F04DF805441CE00498002807DBE9
:10EA7000DDE90301884203DD0098405C179901E05D
:10EA8000179930205A469047049805F10105401C1B
:10EA900004900198401E019004D12E205A461799E7
:10EAA00090476D1CBAF10001AAF1010ADDDC05E016
:10EAB00017F8010B5A46179990476D1CB8F10001E1
:10EAC000A8F10108F4DC5B462146179A0598ABE6ED
:10EAD0002D0000002B000000200000002DE9F04177
:10EAE000044600251E461746880404D405E039462E
:10EAF0002020B0476D1C641EF9D52846BDE8F08182
:10EB00002DE9F041044600251E469046C80301D574
:10EB1000302700E02027880404D505E04146384628
:10EB2000B0476D1C641EF9D52846BDE8F081000091
:10EB30000000803F0030983F0000B53F0040D73FC5
:10EB400000000000320A7E397F661E395B991F394A
:10EB50000000803FF037983FF304B53FFD44D73FB6
:10EB6000000000000030F13D0070643E0000A33E54
:10EB70000090CF3E0090F83E00400F3F00E0203F65
:10EB80000000000015B78337CDE37B380EE1C538B0
:10EB900060F69138AF5F0F38E1BC3E3823F4473957
:10EBA00000000000000000000000B33FB2BE7D3A4C
:10EBB00000002E40DFCF513800007E40BF51FABA2E
:10EBC00000E0A44019DAC3BA00E0C840C2ED8AB937
:10EBD0000040EB40CD1F2CBA001006412AFFFABAC4
:10EBE00000C01541DFCFD13700D024419A97703A49
:10EBF0000050334189478E3600404141E75B9D38E4
:10EC000000B04E41C00A98B900A05B41558F943ABC
:10EC100000306841DA92C0BA0040744162B3C63A2B
:10EC20000000803F00A0853F00908B3F00C0913FD7
:10EC30000030983F00F09E3F00F0A53F0050AD3FF0
:10EC40000000B53F0000BD3F0060C53F0020CE3F43
:10EC50000040D73F00C0E03F00C0EA3F0020F53F42
:10EC6000000000007D36AC397D3C3839EBDCF438EF
:10EC7000320A7E39124C26399B6AED39A4EE83396B
:10EC80007F661E39F6398A392B426539A4821139DB
:10EC90005B991F39C3EECD39DDE7C637A5A22F3901
:10ECA0000000803FC3AA853FC2958B3FD3C3913FED
:10ECB000F037983F32F59E3FD7FEA53F3F58AD3F16
:10ECC000F304B53FA408BD3F2A67C53F8C24CE3F5F
:10ECD000FD44D73FDFCCE03FC7C0EA3F7D25F53F8D
:10ECE000000000006E83F9A22915444ED15727FC7D
:10ECF000C0DD34F5999562DB4190433CAB6351FE36
:10ED000000000000000000000102030406070809DB
:10ED10000000000001020304000610160006101691
:10ED2000B001010800000000000000000000000029
:10ED3000000000000004000032000000000000009D
:10ED400000000000C30101080000000000000000F6
:10ED50000000000000000000000800003200000079
:10ED6000000000000000000000002110422063307D
:10ED70008440A550C660E770088129914AA16BB113
:10ED80008CC1ADD1CEE1EFF13112100273325222BB
:10ED9000B5529442F772D662399318837BB35AA363
:10EDA000BDD39CC3FFF3DEE362244334200401148B
:10EDB000E664C774A44485546AA54BB528850995B3
:10EDC000EEE5CFF5ACC58DD553367226111630065B
:10EDD000D776F6669556B4465BB77AA71997388703
:10EDE000DFF7FEE79DD7BCC7C448E5588668A7781B
:10EDF0004008611802282338CCC9EDD98EE9AFF953
:10EE0000488969990AA92BB9F55AD44AB77A966AFA
:10EE1000711A500A333A122AFDDBDCCBBFFB9EEBA2
:10EE2000799B588B3BBB1AABA66C877CE44CC55CCA
:10EE3000222C033C600C411CAEED8FFDECCDCDDDF2
:10EE40002AAD0BBD688D499D977EB66ED55EF44E9A
:10EE5000133E322E511E700E9FFFBEEFDDDFFCCF42
:10EE60001BBF3AAF599F788F8891A981CAB1EBA196
:10EE70000CD12DC14EF16FE18010A100C230E32012
:10EE80000450254046706760B9839893FBA3DAB3BA
:10EE90003DC31CD37FE35EF3B1029012F322D23262
:10EEA0003542145277625672EAB5CBA5A89589858A
:10EEB0006EF54FE52CD50DC5E234C324A0148104B2
:10EEC0006674476424540544DBA7FAB79987B8975A
:10EED0005FE77EF71DC73CD7D326F2369106B01602
:10EEE00057667676154634564CD96DC90EF92FE91A
:10EEF000C899E9898AB9ABA9445865480678276852
:10EF0000C018E1088238A3287DCB5CDB3FEB1EFBF9
:10EF1000F98BD89BBBAB9ABB754A545A376A167AA1
:10EF2000F10AD01AB32A923A2EFD0FED6CDD4DCDC9
:10EF3000AABD8BADE89DC98D267C076C645C454CF1
:10EF4000A23C832CE01CC10C1FEF3EFF5DCF7CDF99
:10EF50009BAFBABFD98FF89F176E367E554E745E41
:10EF6000932EB23ED10EF01E0000211042206330DD
:10EF70008440A550C660E770088129914AA16BB111
:10EF80008CC1ADD1CEE1EFF13112100273325222B9
:10EF9000B5529442F772D662399318837BB35AA361
:10EFA000BDD39CC3FFF3DEE3622443342004011489
:10EFB000E664C774A44485546AA54BB528850995B1
:10EFC000EEE5CFF5ACC58DD5533672261116300659
:10EFD000D776F6669556B4465BB77AA71997388701
:10EFE000DFF7FEE79DD7BCC7C448E5588668A77819
:10EFF0004008611802282338CCC9EDD98EE9AFF951
:10F00000488969990AA92BB9F55AD44AB77A966AF8
:10F01000711A500A333A122AFDDBDCCBBFFB9EEBA0
:10F02000799B588B3BBB1AABA66C877CE44CC55CC8
:10F03000222C033C600C411CAEED8FFDECCDCDDDF0
:10F040002AAD0BBD688D499D977EB66ED55EF44E98
:10F05000133E322E511E700E9FFFBEEFDDDFFCCF40
:10F060001BBF3AAF599F788F8891A981CAB1EBA194
:10F070000CD12DC14EF16FE18010A100C230E32010
:10F080000450254046706760B9839893FBA3DAB3B8
:10F090003DC31CD37FE35EF3B1029012F322D23260
:10F0A0003542145277625672EAB5CBA5A895898588
:10F0B0006EF54FE52CD50DC5E234C324A0148104B0
:10F0C0006674476424540544DBA7FAB79987B89758
:10F0D0005FE77EF71DC73CD7D326F2369106B01600
:10F0E00057667676154634564CD96DC90EF92FE918
:10F0F000C899E9898AB9ABA9445865480678276850
:10F10000C018E1088238A3287DCB5CDB3FEB1EFBF7
:10F11000F98BD89BBBAB9ABB754A545A376A167A9F
:10F12000F10AD01AB32A923A2EFD0FED6CDD4DCDC7
:10F13000AABD8BADE89DC98D267C076C645C454CEF
:10F14000A23C832CE01CC10C1FEF3EFF5DCF7CDF97
:10F150009BAFBABFD98FF89F176E367E554E745E3F
:10F16000932EB23ED10EF01E0000653DCA7AAF4725
:10F1700094F5F1C85E8F3BB24DD628EB87ACE29197
:10F18000D923BC1E13597664FF919AAC35EB50D647
:10F190006B640E59A11EC423B247D77A783D1D0077
:10F1A00026B2438FECC889F53B1E5E23F164945967
:10F1B000AFEBCAD6659100AC76C813F5BCB2D98F57
:10F1C000E23D870028474D7AC48FA1B20EF56BC887
:10F1D000507A35479A00FF3D8959EC644323261E37
:10F1E0001DAC7891D7D6B2EB763C1301BC46D97BE7
:10F1F000E2C987F428B34D8E3BEA5ED7F19094AD17
:10F20000AF1FCA226565005889ADEC9043D726EA46
:10F210001D587865D722B21FC47BA1460E016B3CF6
:10F22000508E35B39AF4FFC9AD22C81F67580265E6
:10F2300039D75CEAF3AD9690E0F485C92A8E4FB3D6
:10F240007401113CBE7BDB4652B3378E98C9FDF486
:10F25000C646A37B0C3C69011F657A58D51FB022B6
:10F260008B90EEAD41EA24D7EC7889452602433FE6
:10F27000788D1DB0B2F7D7CAA1AEC4936BD40EE996
:10F28000355B5066FF219A1C13E976D4D993BCAE46
:10F29000871CE2214D66285B5E3F3B029445F17876
:10F2A000CACAAFF700B0658DD766B25B1D1C782166
:10F2B000439326AE89E9ECD49AB0FF8D50CA35F756
:10F2C0000E456B78C43FA10228F74DCAE28D87B086
:10F2D000BC02D93F767813456521001CAF5BCA6636
:10F2E000F1D494E93BAE5E939A44FF79503E3503E6
:10F2F0000EB16B8CC4CBA1F6D792B2AF1DE878D516
:10F300004367265A891DEC2065D500E8AFAFCA9245
:10F31000F120941D3B5A5E6728034D3EE2798744F5
:10F32000BCF6D9CB768C13B1415A24678B20EE1DE5
:10F33000D5AFB0921FD57AE80C8C69B1C6F6A3CBD5
:10F340009879FD445203373EBECBDBF674B1118C85
:10F350002A3E4F03E0448579F31D962039675C5AB5
:10F3600067E802D5AD92C8AF0000C1C081C14001BD
:10F3700001C3C003800241C201C6C006800741C765
:10F380000005C1C581C4400401CCC00C800D41CD35
:10F39000000FC1CF81CE400E000AC1CA81CB400B05
:10F3A00001C9C009800841C801D8C018801941D9D5
:10F3B000001BC1DB81DA401A001EC1DE81DF401F65
:10F3C00001DDC01D801C41DC0014C1D481D5401575
:10F3D00001D7C017801641D601D2C012801341D385
:10F3E0000011C1D181D0401001F0C030803141F115
:10F3F0000033C1F381F240320036C1F681F7403765
:10F4000001F5C035803441F4003CC1FC81FD403D34
:10F4100001FFC03F803E41FE01FAC03A803B41FB04
:10F420000039C1F981F840380028C1E881E9402954
:10F4300001EBC02B802A41EA01EEC02E802F41EF64
:10F44000002DC1ED81EC402C01E4C024802541E574
:10F450000027C1E781E640260022C1E281E3402384
:10F4600001E1C021802041E001A0C060806141A194
:10F470000063C1A381A240620066C1A681A7406764
:10F4800001A5C065806441A4006CC1AC81AD406D34
:10F4900001AFC06F806E41AE01AAC06A806B41AB04
:10F4A0000069C1A981A840680078C1B881B94079D4
:10F4B00001BBC07B807A41BA01BEC07E807F41BF64
:10F4C000007DC1BD81BC407C01B4C074807541B574
:10F4D0000077C1B781B640760072C1B281B3407384
:10F4E00001B1C071807041B00050C1908191405114
:10F4F0000193C053805241920196C0568057419764
:10F500000055C19581944054019CC05C805D419D33
:10F51000005FC19F819E405E005AC19A819B405B03
:10F520000199C059805841980188C0488049418953
:10F53000004BC18B818A404A004EC18E818F404F63
:10F54000018DC04D804C418C0044C1848185404573
:10F550000187C047804641860182C0428043418383
:10F560000041C181818040400000891112239B32FB
:10F570002446AD573665BF74488CC19D5AAFD3BE83
:10F580006CCAE5DB7EE9F7F88110080193331A2293
:10F59000A5562C47B7753E64C99C408DDBBF52AE63
:10F5A000EDDA64CBFFF976E802218B301002991373
:10F5B0002667AF763444BD554AADC3BC588ED19F43
:10F5C0006EEBE7FA7CC8F5D983310A209112180353
:10F5D000A7772E66B5543C45CBBD42ACD99E508F23
:10F5E000EFFB66EAFDD874C904428D5316619F7023
:10F5F0002004A9153227BB364CCEC5DF5EEDD7FC03
:10F600006888E1997AABF3BA85520C4397711E6012
:10F61000A1142805B3373A26CDDE44CFDFFD56ECE2
:10F62000E9986089FBBB72AA06638F7214409D51F2
:10F630002225AB343006B9174EEFC7FE5CCCD5DDC2
:10F640006AA9E3B8788AF19B87730E6295501C41D2
:10F65000A3352A24B1163807CFFF46EEDDDC54CDA2
:10F66000EBB962A8F99A708B088481951AA793B6B2
:10F670002CC2A5D33EE1B7F04008C919522BDB3AA2
:10F68000644EED5F766DFF7C899400859BB712A672
:10F69000ADD224C3BFF136E0C1184809D33B5A2A82
:10F6A000E55E6C4FF77D7E6C0AA583B41886919752
:10F6B0002EE3A7F23CC0B5D14229CB38500AD91B62
:10F6C000666FEF7E744CFD5D8BB502A49996108732
:10F6D000AFF326E2BDD034C1C3394A28D11A580B42
:10F6E000E77F6E6EF55C7C4D0CC685D71EE597F402
:10F6F0002880A1913AA3B3B2444ACD5B5669DF7822
:10F70000600CE91D722FFB3E8DD604C79FF516E4F1
:10F71000A9902081BBB332A2C55A4C4BD7795E6801
:10F72000E11C680DF33F7A2E0EE787F61CC495D5D1
:10F730002AA1A3B03882B193466BCF7A5448DD59E1
:10F74000622DEB3C700EF91F8FF706E69DD414C5B1
:10F75000ABB122A0B9923083C77B4E6AD5585C49C1
:10F76000E33D6A2CF11E780F0000C1C081C1400149
:10F7700001C3C003800241C201C6C006800741C761
:10F780000005C1C581C4400401CCC00C800D41CD31
:10F79000000FC1CF81CE400E000AC1CA81CB400B01
:10F7A00001C9C009800841C801D8C018801941D9D1
:10F7B000001BC1DB81DA401A001EC1DE81DF401F61
:10F7C00001DDC01D801C41DC0014C1D481D5401571
:10F7D00001D7C017801641D601D2C012801341D381
:10F7E0000011C1D181D0401001F0C030803141F111
:10F7F0000033C1F381F240320036C1F681F7403761
:10F8000001F5C035803441F4003CC1FC81FD403D30
:10F8100001FFC03F803E41FE01FAC03A803B41FB00
:10F820000039C1F981F840380028C1E881E9402950
:10F8300001EBC02B802A41EA01EEC02E802F41EF60
:10F84000002DC1ED81EC402C01E4C024802541E570
:10F850000027C1E781E640260022C1E281E3402380
:10F8600001E1C021802041E001A0C060806141A190
:10F870000063C1A381A240620066C1A681A7406760
:10F8800001A5C065806441A4006CC1AC81AD406D30
:10F8900001AFC06F806E41AE01AAC06A806B41AB00
:10F8A0000069C1A981A840680078C1B881B94079D0
:10F8B00001BBC07B807A41BA01BEC07E807F41BF60
:10F8C000007DC1BD81BC407C01B4C074807541B570
:10F8D0000077C1B781B640760072C1B281B3407380
:10F8E00001B1C071807041B00050C1908191405110
:10F8F0000193C053805241920196C0568057419760
:10F900000055C19581944054019CC05C805D419D2F
:10F91000005FC19F819E405E005AC19A819B405BFF
:10F920000199C059805841980188C048804941894F
:10F93000004BC18B818A404A004EC18E818F404F5F
:10F94000018DC04D804C418C0044C184818540456F
:10F950000187C047804641860182C042804341837F
:10F960000041C181818040400000C1C081C140018F
:10F9700001C3C003800241C201C6C006800741C75F
:10F980000005C1C581C4400401CCC00C800D41CD2F
:10F99000000FC1CF81CE400E000AC1CA81CB400BFF
:10F9A00001C9C009800841C801D8C018801941D9CF
:10F9B000001BC1DB81DA401A001EC1DE81DF401F5F
:10F9C00001DDC01D801C41DC0014C1D481D540156F
:10F9D00001D7C017801641D601D2C012801341D37F
:10F9E0000011C1D181D0401001F0C030803141F10F
:10F9F0000033C1F381F240320036C1F681F740375F
:10FA000001F5C035803441F4003CC1FC81FD403D2E
:10FA100001FFC03F803E41FE01FAC03A803B41FBFE
:10FA20000039C1F981F840380028C1E881E940294E
:10FA300001EBC02B802A41EA01EEC02E802F41EF5E
:10FA4000002DC1ED81EC402C01E4C024802541E56E
:10FA50000027C1E781E640260022C1E281E340237E
:10FA600001E1C021802041E001A0C060806141A18E
:10FA70000063C1A381A240620066C1A681A740675E
:10FA800001A5C065806441A4006CC1AC81AD406D2E
:10FA900001AFC06F806E41AE01AAC06A806B41ABFE
:10FAA0000069C1A981A840680078C1B881B94079CE
:10FAB00001BBC07B807A41BA01BEC07E807F41BF5E
:10FAC000007DC1BD81BC407C01B4C074807541B56E
:10FAD0000077C1B781B640760072C1B281B340737E
:10FAE00001B1C071807041B00050C190819140510E
:10FAF0000193C053805241920196C056805741975E
:10FB00000055C19581944054019CC05C805D419D2D
:10FB1000005FC19F819E405E005AC19A819B405BFD
:10FB20000199C059805841980188C048804941894D
:10FB3000004BC18B818A404A004EC18E818F404F5D
:10FB4000018DC04D804C418C0044C184818540456D
:10FB50000187C047804641860182C042804341837D
:10FB60000041C18181804040000005800F800A0073
:10FB70001B801E0014001180338036003C00398049
:10FB800028002D8027802200638066006C00698039
:10FB900078007D8077807200500055805F805A0029
:10FBA0004B804E0044004180C380C600CC00C98019
:10FBB000D800DD80D780D200F000F580FF80FA0009
:10FBC000EB80EE00E400E180A000A580AF80AA00F9
:10FBD000BB80BE00B400B180938096009C009980E9
:10FBE00088008D8087808200838186018C018981D5
:10FBF00098019D8197819201B001B581BF81BA01C1
:10FC0000AB81AE01A401A181E001E581EF81EA01B0
:10FC1000FB81FE01F401F181D381D601DC01D981A0
:10FC2000C801CD81C781C201400145814F814A0190
:10FC30005B815E0154015181738176017C01798180
:10FC400068016D8167816201238126012C01298170
:10FC500038013D8137813201100115811F811A0160
:10FC60000B810E0104010181038306030C03098348
:10FC700018031D8317831203300335833F833A0330
:10FC80002B832E0324032183600365836F836A0320
:10FC90007B837E0374037183538356035C03598310
:10FCA00048034D8347834203C003C583CF83CA0300
:10FCB000DB83DE03D403D183F383F603FC03F983F0
:10FCC000E803ED83E783E203A383A603AC03A983E0
:10FCD000B803BD83B783B203900395839F839A03D0
:10FCE0008B838E0384038183800285828F828A02C4
:10FCF0009B829E0294029182B382B602BC02B982B8
:10FD0000A802AD82A782A202E382E602EC02E982A7
:10FD1000F802FD82F782F202D002D582DF82DA0297
:10FD2000CB82CE02C402C182438246024C02498287
:10FD300058025D8257825202700275827F827A0277
:10FD40006B826E0264026182200225822F822A0267
:10FD50003B823E0234023182138216021C02198257
:10FD600008020D82078202020000C1C081C1400169
:10FD700001C3C003800241C201C6C006800741C75B
:10FD80000005C1C581C4400401CCC00C800D41CD2B
:10FD9000000FC1CF81CE400E000AC1CA81CB400BFB
:10FDA00001C9C009800841C801D8C018801941D9CB
:10FDB000001BC1DB81DA401A001EC1DE81DF401F5B
:10FDC00001DDC01D801C41DC0014C1D481D540156B
:10FDD00001D7C017801641D601D2C012801341D37B
:10FDE0000011C1D181D0401001F0C030803141F10B
:10FDF0000033C1F381F240320036C1F681F740375B
:10FE000001F5C035803441F4003CC1FC81FD403D2A
:10FE100001FFC03F803E41FE01FAC03A803B41FBFA
:10FE20000039C1F981F840380028C1E881E940294A
:10FE300001EBC02B802A41EA01EEC02E802F41EF5A
:10FE4000002DC1ED81EC402C01E4C024802541E56A
:10FE50000027C1E781E640260022C1E281E340237A
:10FE600001E1C021802041E001A0C060806141A18A
:10FE70000063C1A381A240620066C1A681A740675A
:10FE800001A5C065806441A4006CC1AC81AD406D2A
:10FE900001AFC06F806E41AE01AAC06A806B41ABFA
:10FEA0000069C1A981A840680078C1B881B94079CA
:10FEB00001BBC07B807A41BA01BEC07E807F41BF5A
:10FEC000007DC1BD81BC407C01B4C074807541B56A
:10FED0000077C1B781B640760072C1B281B340737A
:10FEE00001B1C071807041B00050C190819140510A
:10FEF0000193C053805241920196C056805741975A
:10FF00000055C19581944054019CC05C805D419D29
:10FF1000005FC19F819E405E005AC19A819B405BF9
:10FF20000199C059805841980188C0488049418949
:10FF3000004BC18B818A404A004EC18E818F404F59
:10FF4000018DC04D804C418C0044C1848185404569
:10FF50000187C047804641860182C0428043418379
:10FF60000041C181818040400000891112239B32F1
:10FF70002446AD573665BF74488CC19D5AAFD3BE79
:10FF80006CCAE5DB7EE9F7F88110080193331A2289
:10FF9000A5562C47B7753E64C99C408DDBBF52AE59
:10FFA000EDDA64CBFFF976E802218B301002991369
:10FFB0002667AF763444BD554AADC3BC588ED19F39
:10FFC0006EEBE7FA7CC8F5D983310A209112180349
:10FFD000A7772E66B5543C45CBBD42ACD99E508F19
:10FFE000EFFB66EAFDD874C904428D5316619F7019
:10FFF0002004A9153227BB364CCEC5DF5EEDD7FCF9
:020000040801F1
:100000006888E1997AABF3BA85520C4397711E6008
:10001000A1142805B3373A26CDDE44CFDFFD56ECD8
:10002000E9986089FBBB72AA06638F7214409D51E8
:100030002225AB343006B9174EEFC7FE5CCCD5DDB8
:100040006AA9E3B8788AF19B87730E6295501C41C8
:10005000A3352A24B1163807CFFF46EEDDDC54CD98
:10006000EBB962A8F99A708B088481951AA793B6A8
:100070002CC2A5D33EE1B7F04008C919522BDB3A98
:10008000644EED5F766DFF7C899400859BB712A668
:10009000ADD224C3BFF136E0C1184809D33B5A2A78
:1000A000E55E6C4FF77D7E6C0AA583B41886919748
:1000B0002EE3A7F23CC0B5D14229CB38500AD91B58
:1000C000666FEF7E744CFD5D8BB502A49996108728
:1000D000AFF326E2BDD034C1C3394A28D11A580B38
:1000E000E77F6E6EF55C7C4D0CC685D71EE597F4F8
:1000F0002880A1913AA3B3B2444ACD5B5669DF7818
:10010000600CE91D722FFB3E8DD604C79FF516E4E7
:10011000A9902081BBB332A2C55A4C4BD7795E68F7
:10012000E11C680DF33F7A2E0EE787F61CC495D5C7
:100130002AA1A3B03882B193466BCF7A5448DD59D7
:10014000622DEB3C700EF91F8FF706E69DD414C5A7
:10015000ABB122A0B9923083C77B4E6AD5585C49B7
:10016000E33D6A2CF11E780FBA010108000000007F
:10017000000000000000000000000000001000006F
:10018000320000000000000000000000CF01010864
:10019000000000000000000000000000000000005F
:1001A0000004000032000000000000000000000019
:1001B00044656275675461736B006374726C54615B
:1001C000736B004D61737465725F7461736B007360
:1001D000656E7472795F62757A7A65720049444C13
:1001E0004500546D725100546D72205376630025A2
:1001F0002E36662C252E36662C252E36662C252E80
:1002000036662C252E36662C252E36662C252E3667
:10021000662C252E36662C252E36662C252E366627
:100220000D0A00252E32662C252E32662C252E3204
:10023000662C252E32662C252E32662C252E326613
:100240002C252E32662C252E32662C252E32662C3D
:10025000252E32660A000000780201080000002006
:100260002000000050E20008980201082000002051
:10027000D894000060E200080000000000000000C8
:100280000024F400C3F5C840010000001000000085
:08029000AAAAAAAA00000000BE
:04000005080001AD41
:00000001FF
